Filename,File Size,Creation Date,Width,Height,DPI_X,DPI_Y,Original Path
"2250x2700 pixel digital artwork, two panels, bold acrylic painting style. Left panel Sammy, raccoon, in graffiti alley, studded jacket, ripped jeans, playing guitar. Right panel Close-up Sammy by dumpster fire, iridescent colors, textured b.jpg",161.53 KB,11-26-25,768,1376,,,"/Users/steven/Music/nocTurneMeLoDieS/suno_backups/images/images/2250x2700 pixel digital artwork, two panels, bold acrylic painting style. Left panel Sammy, raccoon, in graffiti alley, studded jacket, ripped jeans, playing guitar. Right panel Close-up Sammy by dumpster fire, iridescent colors, textured b.jpg"
"High-resolution digital artwork, 2250x2700 pixels, two panels. Left Sammy, raccoon musician, in a dimly lit alleyway, studded leather jacket, white T-shirt, ripped jeans, acoustic guitar, neon graffiti. Right Sammy by a glowing dumpster fir.jpg",111.52 KB,11-26-25,768,1376,,,"/Users/steven/Music/nocTurneMeLoDieS/suno_backups/images/images/High-resolution digital artwork, 2250x2700 pixels, two panels. Left Sammy, raccoon musician, in a dimly lit alleyway, studded leather jacket, white T-shirt, ripped jeans, acoustic guitar, neon graffiti. Right Sammy by a glowing dumpster fir.jpg"
"High-resolution digital artwork, 2250x2700 pixels, two panels. Left Sammy, raccoon musician, in a dimly lit graffiti alleyway, studded leather jacket, holding an acoustic guitar. Right Sammy by a dumpster fire. Distinct split, cast bronze s.jpg",138.40 KB,11-26-25,768,1376,,,"/Users/steven/Music/nocTurneMeLoDieS/suno_backups/images/images/High-resolution digital artwork, 2250x2700 pixels, two panels. Left Sammy, raccoon musician, in a dimly lit graffiti alleyway, studded leather jacket, holding an acoustic guitar. Right Sammy by a dumpster fire. Distinct split, cast bronze s.jpg"
"High-resolution 2250x2700 pixel digital artwork, bright lens flare. Two juxtaposed panels depict a symbolic traditional tattoo art print of Sammy, a raccoon musician. Vibrant colors, retro flair, complex ornamental detail. White background,.jpg",107.18 KB,11-26-25,768,1376,,,"/Users/steven/Music/nocTurneMeLoDieS/suno_backups/images/images/High-resolution 2250x2700 pixel digital artwork, bright lens flare. Two juxtaposed panels depict a symbolic traditional tattoo art print of Sammy, a raccoon musician. Vibrant colors, retro flair, complex ornamental detail. White background,.jpg"
"Vibrant typography cover image, Summer Love Vibes prompt, dynamic motion, smooth gradient transitions, seamless color blending, blurred lines, action poses, edgy geeky style.jpg",113.33 KB,11-26-25,768,1376,,,"/Users/steven/Music/nocTurneMeLoDieS/suno_backups/images/images/Vibrant typography cover image, Summer Love Vibes prompt, dynamic motion, smooth gradient transitions, seamless color blending, blurred lines, action poses, edgy geeky style.jpg"
"High-resolution 2250x2700 pixel digital artwork in warm autumn Isekai anime style. Two panels depict Sammy, a raccoon musician, in a moody urban setting. Left panel Sammy in a dimly lit alleyway at night, clutching his guitar and wearing a .jpg",98.28 KB,11-26-25,768,1376,,,"/Users/steven/Music/nocTurneMeLoDieS/suno_backups/images/images/High-resolution 2250x2700 pixel digital artwork in warm autumn Isekai anime style. Two panels depict Sammy, a raccoon musician, in a moody urban setting. Left panel Sammy in a dimly lit alleyway at night, clutching his guitar and wearing a .jpg"
"2250x2700 pixel digital artwork, two juxtaposed panels, classic black and white watercolor style. Left panel Sammy in a dimly lit, graffiti-covered alleyway at night. He holds a stickered acoustic guitar, wearing a studded leather jacket, r.jpg",164.03 KB,11-26-25,768,1376,,,"/Users/steven/Music/nocTurneMeLoDieS/suno_backups/images/images/2250x2700 pixel digital artwork, two juxtaposed panels, classic black and white watercolor style. Left panel Sammy in a dimly lit, graffiti-covered alleyway at night. He holds a stickered acoustic guitar, wearing a studded leather jacket, r.jpg"
"2250x2700 pixel digital artwork, two-panel narrative. Left panel Sammy, a raccoon, in a dimly lit alleyway, clutching a guitar, wearing a studded leather jacket. Neon graffiti hearts, soft raindrops. Right panel Sammy seated by a glowing du.jpg",73.38 KB,11-26-25,768,1376,,,"/Users/steven/Music/nocTurneMeLoDieS/suno_backups/images/images/2250x2700 pixel digital artwork, two-panel narrative. Left panel Sammy, a raccoon, in a dimly lit alleyway, clutching a guitar, wearing a studded leather jacket. Neon graffiti hearts, soft raindrops. Right panel Sammy seated by a glowing du.jpg"
"High-resolution 2250x2700 pixel digital artwork, two-panel narrative. Left Sammy, raccoon musician, in dimly lit alleyway, clutching guitar, wearing studded leather jacket, ripped jeans, somber expression. Neon graffiti hearts reflect on we.jpg",112.39 KB,11-26-25,768,1376,,,"/Users/steven/Music/nocTurneMeLoDieS/suno_backups/images/images/High-resolution 2250x2700 pixel digital artwork, two-panel narrative. Left Sammy, raccoon musician, in dimly lit alleyway, clutching guitar, wearing studded leather jacket, ripped jeans, somber expression. Neon graffiti hearts reflect on we.jpg"
"High-resolution 2250x2700 pixel digital artwork, two juxtaposed panels. Left panel Sammy, a raccoon, stands in a dimly lit graffiti alleyway at night.  He holds an acoustic guitar, wearing a studded leather jacket over a raccoon graphic whi.jpg",145.88 KB,11-26-25,768,1376,,,"/Users/steven/Music/nocTurneMeLoDieS/suno_backups/images/images/High-resolution 2250x2700 pixel digital artwork, two juxtaposed panels. Left panel Sammy, a raccoon, stands in a dimly lit graffiti alleyway at night.  He holds an acoustic guitar, wearing a studded leather jacket over a raccoon graphic whi.jpg"
0003_1_a-digital-illustration-of-the-title-dr-j_YA9X58VcTjK7WaIvY5P5PQ_weWGRDQpSpi1qu_SynuR9Q.png,1.32 MB,11-26-25,800,1280,,,/Users/steven/Music/nocTurneMeLoDieS/suno_backups/images/images/0003_1_a-digital-illustration-of-the-title-dr-j_YA9X58VcTjK7WaIvY5P5PQ_weWGRDQpSpi1qu_SynuR9Q.png
"2250x2700 pixel digital artwork, two panels left panel, Sammy, raccoon with somber expression, blue glowing eyes, studded leather jacket, white raccoon graphic T-shirt, ripped black jeans, acoustic guitar with stickers, dimly lit graffiti a.jpg",133.36 KB,11-26-25,768,1376,,,"/Users/steven/Music/nocTurneMeLoDieS/suno_backups/images/images/2250x2700 pixel digital artwork, two panels left panel, Sammy, raccoon with somber expression, blue glowing eyes, studded leather jacket, white raccoon graphic T-shirt, ripped black jeans, acoustic guitar with stickers, dimly lit graffiti a.jpg"
"2250x2700 pixel digital artwork, two juxtaposed panels depicting Sammy, a raccoon musician. Left panel dimly lit alleyway at night, Sammy clutches a sticker-covered acoustic guitar, wearing a studded leather jacket over a raccoon graphi (1).jpg",140.07 KB,11-26-25,768,1376,,,"/Users/steven/Music/nocTurneMeLoDieS/suno_backups/images/images/2250x2700 pixel digital artwork, two juxtaposed panels depicting Sammy, a raccoon musician. Left panel dimly lit alleyway at night, Sammy clutches a sticker-covered acoustic guitar, wearing a studded leather jacket over a raccoon graphi (1).jpg"
"High-resolution 2250x2700 pixel stock photo, two panels, close-up narrative. Left panel Sammy, a raccoon, in a dimly lit alleyway, clutching a guitar, wearing a studded jacket and ripped jeans. Neon graffiti hearts, soft raindrops.  Right p.jpg",137.59 KB,11-26-25,768,1376,,,"/Users/steven/Music/nocTurneMeLoDieS/suno_backups/images/images/High-resolution 2250x2700 pixel stock photo, two panels, close-up narrative. Left panel Sammy, a raccoon, in a dimly lit alleyway, clutching a guitar, wearing a studded jacket and ripped jeans. Neon graffiti hearts, soft raindrops.  Right p.jpg"
"A hand-drawn sketch style typography cover image for Summer Love Vibes. It features a smooth gradient transition, rough lines, textured pencil strokes, seamless color blending, and a white background.jpg",46.51 KB,11-26-25,768,1376,,,"/Users/steven/Music/nocTurneMeLoDieS/suno_backups/images/images/A hand-drawn sketch style typography cover image for Summer Love Vibes. It features a smooth gradient transition, rough lines, textured pencil strokes, seamless color blending, and a white background.jpg"
0003_2_a-digital-illustration-of-the-words-dr-j_CGG2mCwTS0SxL1C5aY0JeA_weWGRDQpSpi1qu_SynuR9Q.png,1.28 MB,11-26-25,800,1280,,,/Users/steven/Music/nocTurneMeLoDieS/suno_backups/images/images/0003_2_a-digital-illustration-of-the-words-dr-j_CGG2mCwTS0SxL1C5aY0JeA_weWGRDQpSpi1qu_SynuR9Q.png
a-vibrant-digital-illustration-in-emoji-_WhkgxG17T6uxomVzshdTvg_9-EOllSvRFCyt3LmBWNmQg.png,1.30 MB,11-26-25,1024,1024,,,/Users/steven/Music/nocTurneMeLoDieS/suno_backups/images/images/a-vibrant-digital-illustration-in-emoji-_WhkgxG17T6uxomVzshdTvg_9-EOllSvRFCyt3LmBWNmQg.png
"2250x2700 pixel high-resolution digital artwork depicting Sammy, a raccoon musician, in a two-panel narrative. Left panel Sammy in a dimly lit alleyway, neon graffiti, vibrant pink and purple hues, glowing blue eyes. Right panel Close-up of.jpg",118.96 KB,11-26-25,768,1376,,,"/Users/steven/Music/nocTurneMeLoDieS/suno_backups/images/images/2250x2700 pixel high-resolution digital artwork depicting Sammy, a raccoon musician, in a two-panel narrative. Left panel Sammy in a dimly lit alleyway, neon graffiti, vibrant pink and purple hues, glowing blue eyes. Right panel Close-up of.jpg"
"A layered papier-mâché artwork, slow sweeping pan, across a moonlit valley.  Silhouetted figures are back lit. The artwork uses warm terracotta and cool teal, creating an eerie, creepy atmosphere.  Dark tones and unsettling details are em.jpg",805.79 KB,11-26-25,1120,2008,,,"/Users/steven/Music/nocTurneMeLoDieS/suno_backups/images/images/A layered papier-mâché artwork, slow sweeping pan, across a moonlit valley.  Silhouetted figures are back lit. The artwork uses warm terracotta and cool teal, creating an eerie, creepy atmosphere.  Dark tones and unsettling details are em.jpg"
0002_4_a-vibrant-digital-illustration-showcasin_7nCV4w1RQVGVpCdhYAuq8w_CZgDFPmOTnO2gig0njmpgQ.png,854.39 KB,11-26-25,1312,736,,,/Users/steven/Music/nocTurneMeLoDieS/suno_backups/images/images/0002_4_a-vibrant-digital-illustration-showcasin_7nCV4w1RQVGVpCdhYAuq8w_CZgDFPmOTnO2gig0njmpgQ.png
a-gritty-cinematic-illustration-depictin_1WwAYoq4QY2ZN_-AX2zB9w_l_36IyksRlCpRl9OCmDtxw.png,1.50 MB,11-26-25,736,1312,,,/Users/steven/Music/nocTurneMeLoDieS/suno_backups/images/images/a-gritty-cinematic-illustration-depictin_1WwAYoq4QY2ZN_-AX2zB9w_l_36IyksRlCpRl9OCmDtxw.png
"High-resolution 2250x2700 pixel digital artwork, two juxtaposed panels. Soft dreamy atmosphere. Left panel Sammy, a raccoon with somber expression, in a dimly lit graffiti alleyway, clutching a guitar. He wears a studded leather jacket and .jpg",93.37 KB,11-26-25,768,1376,,,"/Users/steven/Music/nocTurneMeLoDieS/suno_backups/images/images/High-resolution 2250x2700 pixel digital artwork, two juxtaposed panels. Soft dreamy atmosphere. Left panel Sammy, a raccoon with somber expression, in a dimly lit graffiti alleyway, clutching a guitar. He wears a studded leather jacket and .jpg"
"Smooth gradient transition, extreme macro close-up. Small subject detail, seamless color blending. Edgy and geeky style typography cover image with Summer Love Vibes prompt, reflecting song lyrics Seatin' room clouds, puffin' on loud, etc. .jpg",53.23 KB,11-26-25,768,1376,,,"/Users/steven/Music/nocTurneMeLoDieS/suno_backups/images/images/Smooth gradient transition, extreme macro close-up. Small subject detail, seamless color blending. Edgy and geeky style typography cover image with Summer Love Vibes prompt, reflecting song lyrics Seatin' room clouds, puffin' on loud, etc. .jpg"
0003_4_a-digital-illustration-of-the-text-dr-jo_yKxKw5x1RI6oY1gx0TDodA_weWGRDQpSpi1qu_SynuR9Q.png,1.20 MB,11-26-25,800,1280,,,/Users/steven/Music/nocTurneMeLoDieS/suno_backups/images/images/0003_4_a-digital-illustration-of-the-text-dr-jo_yKxKw5x1RI6oY1gx0TDodA_weWGRDQpSpi1qu_SynuR9Q.png
"2250x2700 pixel digital artwork, two juxtaposed panels depicting Sammy, a raccoon musician. Left panel dimly lit alleyway at night, Sammy clutches a sticker-covered acoustic guitar, wearing a studded leather jacket over a raccoon graphic T-.jpg",114.69 KB,11-26-25,768,1376,,,"/Users/steven/Music/nocTurneMeLoDieS/suno_backups/images/images/2250x2700 pixel digital artwork, two juxtaposed panels depicting Sammy, a raccoon musician. Left panel dimly lit alleyway at night, Sammy clutches a sticker-covered acoustic guitar, wearing a studded leather jacket over a raccoon graphic T-.jpg"
0001_4_a-vibrant-futuristic-typography-cover-im_xUZphikVTcOXB7REZDKCSQ_vdc9x0x2TwikviZ28sIisg.png,1.04 MB,11-26-25,736,1312,,,/Users/steven/Music/nocTurneMeLoDieS/suno_backups/images/images/0001_4_a-vibrant-futuristic-typography-cover-im_xUZphikVTcOXB7REZDKCSQ_vdc9x0x2TwikviZ28sIisg.png
"2250x2700 pixel digital artwork, two juxtaposed panels, soft pastel colors. Professional photography style. Left panel Sammy in a dimly lit alleyway at night, clutching a stickered acoustic guitar, wearing a studded leather jacket, raccoon .jpg",86.22 KB,11-26-25,768,1376,,,"/Users/steven/Music/nocTurneMeLoDieS/suno_backups/images/images/2250x2700 pixel digital artwork, two juxtaposed panels, soft pastel colors. Professional photography style. Left panel Sammy in a dimly lit alleyway at night, clutching a stickered acoustic guitar, wearing a studded leather jacket, raccoon .jpg"
"High-resolution 2250x2700 pixel digital artwork, strong hard light. Two juxtaposed panels depict Sammy, a raccoon musician, in a moody urban environment. Left panel Sammy stands in a dimly lit alleyway at night, clutching an acoustic guitar.jpg",113.72 KB,11-26-25,768,1376,,,"/Users/steven/Music/nocTurneMeLoDieS/suno_backups/images/images/High-resolution 2250x2700 pixel digital artwork, strong hard light. Two juxtaposed panels depict Sammy, a raccoon musician, in a moody urban environment. Left panel Sammy stands in a dimly lit alleyway at night, clutching an acoustic guitar.jpg"
"High-resolution digital artwork, 2250x2700 pixels, two juxtaposed panels depicting Sammy, a raccoon musician. Left panel Sammy in a graffiti-covered alleyway, holding an acoustic guitar with colorful stickers. He wears a studded leather jac.jpg",156.70 KB,11-26-25,768,1376,,,"/Users/steven/Music/nocTurneMeLoDieS/suno_backups/images/images/High-resolution digital artwork, 2250x2700 pixels, two juxtaposed panels depicting Sammy, a raccoon musician. Left panel Sammy in a graffiti-covered alleyway, holding an acoustic guitar with colorful stickers. He wears a studded leather jac.jpg"
"2250x2700 pixel digital artwork, two-panel narrative. Left panel Sammy, a raccoon, in a dimly lit alleyway at night, clutching a guitar, wearing a studded leather jacket. Neon graffiti hearts reflect on wet pavement. Right panel Close-up of.jpg",117.10 KB,11-26-25,768,1376,,,"/Users/steven/Music/nocTurneMeLoDieS/suno_backups/images/images/2250x2700 pixel digital artwork, two-panel narrative. Left panel Sammy, a raccoon, in a dimly lit alleyway at night, clutching a guitar, wearing a studded leather jacket. Neon graffiti hearts reflect on wet pavement. Right panel Close-up of.jpg"
"2250x2700 pixel digital artwork, two-panel long-exposure narrative. Left panel Sammy, a raccoon, stands in a dimly lit graffiti alleyway at night, clutching a guitar. Neon graffiti reflects on wet brick. Right panel  Sammy seated near a glo.jpg",114.11 KB,11-26-25,768,1376,,,"/Users/steven/Music/nocTurneMeLoDieS/suno_backups/images/images/2250x2700 pixel digital artwork, two-panel long-exposure narrative. Left panel Sammy, a raccoon, stands in a dimly lit graffiti alleyway at night, clutching a guitar. Neon graffiti reflects on wet brick. Right panel  Sammy seated near a glo.jpg"
"High-resolution 2250x2700 pixel digital artwork, two juxtaposed panels. Cinematic lighting. Left panel Sammy, a raccoon with somber expression, in a dimly lit graffiti alleyway at night, playing an acoustic guitar. He wears a studded leathe.jpg",87.81 KB,11-26-25,768,1376,,,"/Users/steven/Music/nocTurneMeLoDieS/suno_backups/images/images/High-resolution 2250x2700 pixel digital artwork, two juxtaposed panels. Cinematic lighting. Left panel Sammy, a raccoon with somber expression, in a dimly lit graffiti alleyway at night, playing an acoustic guitar. He wears a studded leathe.jpg"
a-vibrant-emoji-style-digital-illustrati_Qe0dWZmvQPOybRxhVQWsIg_9-EOllSvRFCyt3LmBWNmQg.png,1.44 MB,11-26-25,1024,1024,,,/Users/steven/Music/nocTurneMeLoDieS/suno_backups/images/images/a-vibrant-emoji-style-digital-illustrati_Qe0dWZmvQPOybRxhVQWsIg_9-EOllSvRFCyt3LmBWNmQg.png
0002_2_a-vibrant-digital-art-cover-illustration_MtfJ8PEfTP-IrVUqvcvaVg_CZgDFPmOTnO2gig0njmpgQ.png,986.56 KB,11-26-25,1312,736,,,/Users/steven/Music/nocTurneMeLoDieS/suno_backups/images/images/0002_2_a-vibrant-digital-art-cover-illustration_MtfJ8PEfTP-IrVUqvcvaVg_CZgDFPmOTnO2gig0njmpgQ.png
"Isekai anime style typography cover. Expressive composition. 'Summer Love Vibes' prompt.  Reflects song lyrics.  Edgy, geeky style.jpg",153.05 KB,11-26-25,768,1376,,,"/Users/steven/Music/nocTurneMeLoDieS/suno_backups/images/images/Isekai anime style typography cover. Expressive composition. 'Summer Love Vibes' prompt.  Reflects song lyrics.  Edgy, geeky style.jpg"
a-vibrant-emoji-style-digital-illustrati_kfx0Dle1SM6RR6c6guqTxg_9-EOllSvRFCyt3LmBWNmQg.png,1.02 MB,11-26-25,1024,1024,,,/Users/steven/Music/nocTurneMeLoDieS/suno_backups/images/images/a-vibrant-emoji-style-digital-illustrati_kfx0Dle1SM6RR6c6guqTxg_9-EOllSvRFCyt3LmBWNmQg.png
"High-resolution digital artwork, 2250x2700 pixels, two juxtaposed panels. Left panel Sammy, a raccoon with somber blue eyes, in a dimly lit alleyway at night, clutching a sticker-covered acoustic guitar. He wears a studded leather jacket ov.jpg",106.89 KB,11-26-25,768,1376,,,"/Users/steven/Music/nocTurneMeLoDieS/suno_backups/images/images/High-resolution digital artwork, 2250x2700 pixels, two juxtaposed panels. Left panel Sammy, a raccoon with somber blue eyes, in a dimly lit alleyway at night, clutching a sticker-covered acoustic guitar. He wears a studded leather jacket ov.jpg"
"2250x2700 pixel digital artwork, two juxtaposed panels, dramatic cinematic style.  Left panel Sammy in a dimly lit alleyway at night, clutching a stickered acoustic guitar, wearing a studded leather jacket, raccoon graphic T-shirt, and ripp.jpg",108.39 KB,11-26-25,768,1376,,,"/Users/steven/Music/nocTurneMeLoDieS/suno_backups/images/images/2250x2700 pixel digital artwork, two juxtaposed panels, dramatic cinematic style.  Left panel Sammy in a dimly lit alleyway at night, clutching a stickered acoustic guitar, wearing a studded leather jacket, raccoon graphic T-shirt, and ripp.jpg"
"High-resolution 2250x2700 pixel digital artwork, ethereal spiritual vibe. Two juxtaposed panels depict Sammy, the raccoon musician, in a moody urban environment. Electric vivid colors, light aura, mystical feeling. Sammy's expression evokes.jpg",108.17 KB,11-26-25,768,1376,,,"/Users/steven/Music/nocTurneMeLoDieS/suno_backups/images/images/High-resolution 2250x2700 pixel digital artwork, ethereal spiritual vibe. Two juxtaposed panels depict Sammy, the raccoon musician, in a moody urban environment. Electric vivid colors, light aura, mystical feeling. Sammy's expression evokes.jpg"
a-digital-illustration-in-an-emoji-inspi_PGmGO1GzQzqKazUqig6GBg_9-EOllSvRFCyt3LmBWNmQg.png,1.19 MB,11-26-25,1024,1024,,,/Users/steven/Music/nocTurneMeLoDieS/suno_backups/images/images/a-digital-illustration-in-an-emoji-inspi_PGmGO1GzQzqKazUqig6GBg_9-EOllSvRFCyt3LmBWNmQg.png
"Typography cover image with intense jet black glowing bioluminescent colors.  'Summer Love Vibes' reflects the song's essence in an edgy, geeky style. Natural light effects, vibrant glow, pure black, and deep shadows enhance the mood.jpg",47.11 KB,11-26-25,768,1376,,,"/Users/steven/Music/nocTurneMeLoDieS/suno_backups/images/images/Typography cover image with intense jet black glowing bioluminescent colors.  'Summer Love Vibes' reflects the song's essence in an edgy, geeky style. Natural light effects, vibrant glow, pure black, and deep shadows enhance the mood.jpg"
0002_3_a-vibrant-digital-art-typography-poster-_Ke3IAAqBS1qGrfVa4oFkQQ_CZgDFPmOTnO2gig0njmpgQ.png,943.29 KB,11-26-25,1312,736,,,/Users/steven/Music/nocTurneMeLoDieS/suno_backups/images/images/0002_3_a-vibrant-digital-art-typography-poster-_Ke3IAAqBS1qGrfVa4oFkQQ_CZgDFPmOTnO2gig0njmpgQ.png
"High-resolution digital artwork, 2250x2700 pixels, two panels. Left panel Sammy, raccoon musician, somber expression, blue glowing eyes, studded leather jacket, white raccoon graphic T-shirt, ripped black jeans, acoustic guitar with sticker.jpg",144.94 KB,11-26-25,768,1376,,,"/Users/steven/Music/nocTurneMeLoDieS/suno_backups/images/images/High-resolution digital artwork, 2250x2700 pixels, two panels. Left panel Sammy, raccoon musician, somber expression, blue glowing eyes, studded leather jacket, white raccoon graphic T-shirt, ripped black jeans, acoustic guitar with sticker.jpg"
"Vibrant typography cover image, Summer Love Vibes prompt, edgy geeky style, rich deep teal, warm candlelight glow, luxurious and vibrant feel.jpg",76.33 KB,11-26-25,768,1376,,,"/Users/steven/Music/nocTurneMeLoDieS/suno_backups/images/images/Vibrant typography cover image, Summer Love Vibes prompt, edgy geeky style, rich deep teal, warm candlelight glow, luxurious and vibrant feel.jpg"
"2250x2700 pixel high-resolution digital artwork, two-panel narrative. Left panel Sammy, raccoon musician, in a dreamlike urban alley, holding a guitar. Right panel Close-up, Sammy by a fire, surreal imagery, fantastical elements.jpg",105.43 KB,11-26-25,768,1376,,,"/Users/steven/Music/nocTurneMeLoDieS/suno_backups/images/images/2250x2700 pixel high-resolution digital artwork, two-panel narrative. Left panel Sammy, raccoon musician, in a dreamlike urban alley, holding a guitar. Right panel Close-up, Sammy by a fire, surreal imagery, fantastical elements.jpg"
"High-resolution 2250x2700 pixel digital artwork, two juxtaposed panels. Left panel Sammy, a raccoon with somber blue eyes, in a dimly lit alleyway, clutching a sticker-covered acoustic guitar. He wears a studded leather jacket, ripped black.jpg",118.44 KB,11-26-25,768,1376,,,"/Users/steven/Music/nocTurneMeLoDieS/suno_backups/images/images/High-resolution 2250x2700 pixel digital artwork, two juxtaposed panels. Left panel Sammy, a raccoon with somber blue eyes, in a dimly lit alleyway, clutching a sticker-covered acoustic guitar. He wears a studded leather jacket, ripped black.jpg"
"High-resolution digital artwork, 2250x2700 pixels, two juxtaposed panels.  A bold acrylic painting style with vibrant colors, textured brushstrokes and a soft focus, hazy background. Left panel Sammy, a raccoon, stands in a dimly lit alleyw.jpg",99.17 KB,11-26-25,768,1376,,,"/Users/steven/Music/nocTurneMeLoDieS/suno_backups/images/images/High-resolution digital artwork, 2250x2700 pixels, two juxtaposed panels.  A bold acrylic painting style with vibrant colors, textured brushstrokes and a soft focus, hazy background. Left panel Sammy, a raccoon, stands in a dimly lit alleyw.jpg"
"Isekai anime style, dramatic cinematic lighting, film-like composition, expressive composition, vibrant colors.jpg",92.81 KB,11-26-25,768,1376,,,"/Users/steven/Music/nocTurneMeLoDieS/suno_backups/images/images/Isekai anime style, dramatic cinematic lighting, film-like composition, expressive composition, vibrant colors.jpg"
"High-resolution 2250x2700 pixel digital artwork, two juxtaposed panels. Classic black and white. Left panel Sammy, a raccoon, stands in a dimly lit graffiti alleyway, clutching a guitar. He wears a studded leather jacket and ripped jeans.  .jpg",179.86 KB,11-26-25,768,1376,,,"/Users/steven/Music/nocTurneMeLoDieS/suno_backups/images/images/High-resolution 2250x2700 pixel digital artwork, two juxtaposed panels. Classic black and white. Left panel Sammy, a raccoon, stands in a dimly lit graffiti alleyway, clutching a guitar. He wears a studded leather jacket and ripped jeans.  .jpg"
"Vibrant typography cover image, Summer Love Vibes prompt, edgy geeky style, electric vivid colors.jpg",119.17 KB,11-26-25,768,1376,,,"/Users/steven/Music/nocTurneMeLoDieS/suno_backups/images/images/Vibrant typography cover image, Summer Love Vibes prompt, edgy geeky style, electric vivid colors.jpg"
"High-resolution 2250x2700 pixel black and white digital artwork, two-panel narrative. Left panel Sammy, a raccoon, in a dimly lit graffiti alleyway, clutching a guitar, wearing a studded jacket and ripped jeans. Right panel  Close-up of Sam.jpg",178.51 KB,11-26-25,768,1376,,,"/Users/steven/Music/nocTurneMeLoDieS/suno_backups/images/images/High-resolution 2250x2700 pixel black and white digital artwork, two-panel narrative. Left panel Sammy, a raccoon, in a dimly lit graffiti alleyway, clutching a guitar, wearing a studded jacket and ripped jeans. Right panel  Close-up of Sam.jpg"
"High-resolution 2250x2700 pixel digital artwork, two juxtaposed panels. Left panel Sammy, a raccoon, in a dimly lit graffiti alleyway, clutching a sticker-covered acoustic guitar. He wears a studded leather jacket, ripped black jeans, and a.jpg",128.22 KB,11-26-25,768,1376,,,"/Users/steven/Music/nocTurneMeLoDieS/suno_backups/images/images/High-resolution 2250x2700 pixel digital artwork, two juxtaposed panels. Left panel Sammy, a raccoon, in a dimly lit graffiti alleyway, clutching a sticker-covered acoustic guitar. He wears a studded leather jacket, ripped black jeans, and a.jpg"
My ChatGPT image.png,3.83 MB,11-26-25,1024,1536,,,/Users/steven/Music/nocTurneMeLoDieS/suno_backups/images/images/My ChatGPT image.png
"High-resolution digital artwork, 2250x2700 pixels, two panels. Left Sammy, raccoon musician, in a dimly lit graffiti alleyway, studded leather jacket, ripped jeans, acoustic guitar.  Right Sammy by a dumpster fire. Strong moody style, epic .jpg",110.08 KB,11-26-25,768,1376,,,"/Users/steven/Music/nocTurneMeLoDieS/suno_backups/images/images/High-resolution digital artwork, 2250x2700 pixels, two panels. Left Sammy, raccoon musician, in a dimly lit graffiti alleyway, studded leather jacket, ripped jeans, acoustic guitar.  Right Sammy by a dumpster fire. Strong moody style, epic .jpg"
"2250x2700 pixel digital artwork, two-panel cinematic narrative. Left panel  Sammy, a raccoon with somber blue eyes, in a dimly lit alleyway at night. He clutches a sticker-covered acoustic guitar, wearing a studded leather jacket over a rac.jpg",123.43 KB,11-26-25,768,1376,,,"/Users/steven/Music/nocTurneMeLoDieS/suno_backups/images/images/2250x2700 pixel digital artwork, two-panel cinematic narrative. Left panel  Sammy, a raccoon with somber blue eyes, in a dimly lit alleyway at night. He clutches a sticker-covered acoustic guitar, wearing a studded leather jacket over a rac.jpg"
"High-resolution 2250x2700 pixel digital artwork, two-panel narrative. Left panel Sammy, a raccoon, in a dimly lit alleyway at night, clutching a guitar, wearing a studded jacket. Neon graffiti reflects on wet pavement. Right panel Close-up .jpg",107.69 KB,11-26-25,768,1376,,,"/Users/steven/Music/nocTurneMeLoDieS/suno_backups/images/images/High-resolution 2250x2700 pixel digital artwork, two-panel narrative. Left panel Sammy, a raccoon, in a dimly lit alleyway at night, clutching a guitar, wearing a studded jacket. Neon graffiti reflects on wet pavement. Right panel Close-up .jpg"
"2250x2700 pixel high-resolution digital artwork, dynamic motion, creative lighting. Two juxtaposed panels Left panel shows Sammy, a raccoon, in a dimly lit alleyway, holding a guitar. He wears a studded leather jacket and ripped jeans. Neon.jpg",123.36 KB,11-26-25,768,1376,,,"/Users/steven/Music/nocTurneMeLoDieS/suno_backups/images/images/2250x2700 pixel high-resolution digital artwork, dynamic motion, creative lighting. Two juxtaposed panels Left panel shows Sammy, a raccoon, in a dimly lit alleyway, holding a guitar. He wears a studded leather jacket and ripped jeans. Neon.jpg"
"Delicate watercolor painting of a modern, futuristic grand epic scene.  'Summer Love Vibes' typography integrated.  Epic lens glow lighting. Massive scale, heroic elements, translucent washes, fluid brushstrokes.jpg",74.62 KB,11-26-25,768,1376,,,"/Users/steven/Music/nocTurneMeLoDieS/suno_backups/images/images/Delicate watercolor painting of a modern, futuristic grand epic scene.  'Summer Love Vibes' typography integrated.  Epic lens glow lighting. Massive scale, heroic elements, translucent washes, fluid brushstrokes.jpg"
"High-resolution 2250x2700 pixel digital artwork, two juxtaposed panels. Delicate watercolor style. Left panel Sammy, a raccoon, in a dimly lit alleyway, clutching an acoustic guitar.  He wears a studded leather jacket, ripped black jeans, a.jpg",145.91 KB,11-26-25,768,1376,,,"/Users/steven/Music/nocTurneMeLoDieS/suno_backups/images/images/High-resolution 2250x2700 pixel digital artwork, two juxtaposed panels. Delicate watercolor style. Left panel Sammy, a raccoon, in a dimly lit alleyway, clutching an acoustic guitar.  He wears a studded leather jacket, ripped black jeans, a.jpg"
"High-resolution 2250x2700 pixel hand-drawn digital sketch in color sketchnote style. Two panels depict Sammy, a raccoon musician, in dynamic motion. Seamless color blending, blurred lines show Sammy in action poses.  Left panel Sammy in a d.jpg",69.34 KB,11-26-25,768,1376,,,"/Users/steven/Music/nocTurneMeLoDieS/suno_backups/images/images/High-resolution 2250x2700 pixel hand-drawn digital sketch in color sketchnote style. Two panels depict Sammy, a raccoon musician, in dynamic motion. Seamless color blending, blurred lines show Sammy in action poses.  Left panel Sammy in a d.jpg"
"High-resolution 2250x2700px digital artwork. Two-panel narrative featuring Sammy, a raccoon musician, in a moody urban environment using surreal infrared tones and high contrast low-key lighting. Left panel Sammy stands in a dimly lit alley.jpg",96.31 KB,11-26-25,768,1376,,,"/Users/steven/Music/nocTurneMeLoDieS/suno_backups/images/images/High-resolution 2250x2700px digital artwork. Two-panel narrative featuring Sammy, a raccoon musician, in a moody urban environment using surreal infrared tones and high contrast low-key lighting. Left panel Sammy stands in a dimly lit alley.jpg"
"High-resolution 2250x2700px digital artwork, two panels Left panel, Sammy, raccoon, stands in a dimly lit graffiti alleyway. He wears a studded leather jacket and ripped jeans, holding a colorful stickered acoustic guitar. Neon hearts flick.jpg",168.23 KB,11-26-25,768,1376,,,"/Users/steven/Music/nocTurneMeLoDieS/suno_backups/images/images/High-resolution 2250x2700px digital artwork, two panels Left panel, Sammy, raccoon, stands in a dimly lit graffiti alleyway. He wears a studded leather jacket and ripped jeans, holding a colorful stickered acoustic guitar. Neon hearts flick.jpg"
"High-resolution digital artwork, 2250x2700 pixels, two panels. Left panel Sammy, raccoon musician, in dimly lit alleyway, holding acoustic guitar, wearing studded leather jacket and ripped jeans. Neon graffiti. Right panel Sammy by dumpster.jpg",146.76 KB,11-26-25,768,1376,,,"/Users/steven/Music/nocTurneMeLoDieS/suno_backups/images/images/High-resolution digital artwork, 2250x2700 pixels, two panels. Left panel Sammy, raccoon musician, in dimly lit alleyway, holding acoustic guitar, wearing studded leather jacket and ripped jeans. Neon graffiti. Right panel Sammy by dumpster.jpg"
"High-resolution 2250x2700px digital artwork. Two-panel narrative featuring Sammy, a raccoon musician in a dreamy, soft atmosphere. Bright, vibrant colors. Left panel Sammy in a dimly lit alley at night, clutching a guitar. He wears a studde.jpg",98.87 KB,11-26-25,768,1376,,,"/Users/steven/Music/nocTurneMeLoDieS/suno_backups/images/images/High-resolution 2250x2700px digital artwork. Two-panel narrative featuring Sammy, a raccoon musician in a dreamy, soft atmosphere. Bright, vibrant colors. Left panel Sammy in a dimly lit alley at night, clutching a guitar. He wears a studde.jpg"
"High-resolution 2250x2700 pixel digital artwork in natural earth tones. Two juxtaposed panels portray Sammy, a raccoon musician, in a long exposure urban setting. Left panel Sammy stands in a dimly lit graffiti-covered alleyway at night, cl.jpg",118.17 KB,11-26-25,768,1376,,,"/Users/steven/Music/nocTurneMeLoDieS/suno_backups/images/images/High-resolution 2250x2700 pixel digital artwork in natural earth tones. Two juxtaposed panels portray Sammy, a raccoon musician, in a long exposure urban setting. Left panel Sammy stands in a dimly lit graffiti-covered alleyway at night, cl.jpg"
"High-resolution 2250x2700px digital artwork depicting Sammy, a raccoon musician, in a two-panel narrative.  Left panel Sammy, somber expression, blue glowing eyes, wears a studded leather jacket over a raccoon graphic white T-shirt and ripp.jpg",132.85 KB,11-26-25,768,1376,,,"/Users/steven/Music/nocTurneMeLoDieS/suno_backups/images/images/High-resolution 2250x2700px digital artwork depicting Sammy, a raccoon musician, in a two-panel narrative.  Left panel Sammy, somber expression, blue glowing eyes, wears a studded leather jacket over a raccoon graphic white T-shirt and ripp.jpg"
0002_1_a-vibrant-digital-illustration-of-a-typo_4feYwvZfRH-bQc8ON_cy1g_CZgDFPmOTnO2gig0njmpgQ.png,1.22 MB,11-26-25,1312,736,,,/Users/steven/Music/nocTurneMeLoDieS/suno_backups/images/images/0002_1_a-vibrant-digital-illustration-of-a-typo_4feYwvZfRH-bQc8ON_cy1g_CZgDFPmOTnO2gig0njmpgQ.png
0001_2_a-dynamic-typography-poster-art-in-a-vib_Ttra5f0cRd-ex6BWdyYTnw_vdc9x0x2TwikviZ28sIisg.png,1.08 MB,11-26-25,736,1312,,,/Users/steven/Music/nocTurneMeLoDieS/suno_backups/images/images/0001_2_a-dynamic-typography-poster-art-in-a-vib_Ttra5f0cRd-ex6BWdyYTnw_vdc9x0x2TwikviZ28sIisg.png
"2250x2700 pixel digital artwork, hand-drawn sketch style. Two-panel narrative. Left Sammy, raccoon, in graffiti-covered alley, holding guitar. He wears a studded leather jacket and ripped jeans. Volumetric lighting, textured pencil strokes,.jpg",194.26 KB,11-26-25,768,1376,,,"/Users/steven/Music/nocTurneMeLoDieS/suno_backups/images/images/2250x2700 pixel digital artwork, hand-drawn sketch style. Two-panel narrative. Left Sammy, raccoon, in graffiti-covered alley, holding guitar. He wears a studded leather jacket and ripped jeans. Volumetric lighting, textured pencil strokes,.jpg"
0001_1_a-vibrant-futuristic-typography-cover-im_G_mQMfP3TOmT_mhIq_Sf8w_vdc9x0x2TwikviZ28sIisg.png,1.14 MB,11-26-25,736,1312,,,/Users/steven/Music/nocTurneMeLoDieS/suno_backups/images/images/0001_1_a-vibrant-futuristic-typography-cover-im_G_mQMfP3TOmT_mhIq_Sf8w_vdc9x0x2TwikviZ28sIisg.png
"2250x2700 pixel digital artwork, two-panel narrative. Left panel Sammy, a raccoon, in a dimly lit alleyway, clutching a guitar, wearing a studded jacket. Neon graffiti hearts, soft raindrops. Right panel Sammy seated by a glowing dumpster f.jpg",105.49 KB,11-26-25,768,1376,,,"/Users/steven/Music/nocTurneMeLoDieS/suno_backups/images/images/2250x2700 pixel digital artwork, two-panel narrative. Left panel Sammy, a raccoon, in a dimly lit alleyway, clutching a guitar, wearing a studded jacket. Neon graffiti hearts, soft raindrops. Right panel Sammy seated by a glowing dumpster f.jpg"
"2250x2700 pixel digital artwork, two juxtaposed panels, glowing bioluminescent colors. Left panel Sammy in a dimly lit alleyway at night, clutching a stickered acoustic guitar, wearing a studded leather jacket, raccoon graphic T-shirt, and .jpg",88.29 KB,11-26-25,768,1376,,,"/Users/steven/Music/nocTurneMeLoDieS/suno_backups/images/images/2250x2700 pixel digital artwork, two juxtaposed panels, glowing bioluminescent colors. Left panel Sammy in a dimly lit alleyway at night, clutching a stickered acoustic guitar, wearing a studded leather jacket, raccoon graphic T-shirt, and .jpg"
"2250x2700 pixel digital artwork, two juxtaposed panels depicting Sammy, a raccoon musician. Left panel dimly lit alleyway at night, Sammy clutches a sticker-covered acoustic guitar, wearing a studded leather jacket over a raccoon graphi (2).jpg",105.11 KB,11-26-25,768,1376,,,"/Users/steven/Music/nocTurneMeLoDieS/suno_backups/images/images/2250x2700 pixel digital artwork, two juxtaposed panels depicting Sammy, a raccoon musician. Left panel dimly lit alleyway at night, Sammy clutches a sticker-covered acoustic guitar, wearing a studded leather jacket over a raccoon graphi (2).jpg"
"2250x2700 pixel digital artwork, two panels. Isekai anime style. Dynamic motion, thick fog. Left panel Sammy, a raccoon, stands in a foggy alley, holding a decorated guitar, wearing a studded jacket and ripped jeans. Neon graffiti on wet br.jpg",100.65 KB,11-26-25,768,1376,,,"/Users/steven/Music/nocTurneMeLoDieS/suno_backups/images/images/2250x2700 pixel digital artwork, two panels. Isekai anime style. Dynamic motion, thick fog. Left panel Sammy, a raccoon, stands in a foggy alley, holding a decorated guitar, wearing a studded jacket and ripped jeans. Neon graffiti on wet br.jpg"
"High-resolution 2250x2700 pixel digital artwork, two juxtaposed panels.  Left panel Sammy, a raccoon, in a dimly lit graffiti alleyway at night, clutching an acoustic guitar. He wears a studded leather jacket and ripped jeans.  Neon hearts .jpg",98.32 KB,11-26-25,768,1376,,,"/Users/steven/Music/nocTurneMeLoDieS/suno_backups/images/images/High-resolution 2250x2700 pixel digital artwork, two juxtaposed panels.  Left panel Sammy, a raccoon, in a dimly lit graffiti alleyway at night, clutching an acoustic guitar. He wears a studded leather jacket and ripped jeans.  Neon hearts .jpg"
0001_3_a-dynamic-typography-cover-image-in-a-bi_mmayOWK-SH2G2P4qdwQDMA_vdc9x0x2TwikviZ28sIisg.png,1.19 MB,11-26-25,736,1312,,,/Users/steven/Music/nocTurneMeLoDieS/suno_backups/images/images/0001_3_a-dynamic-typography-cover-image-in-a-bi_mmayOWK-SH2G2P4qdwQDMA_vdc9x0x2TwikviZ28sIisg.png
"2250x2700 pixel digital artwork, two-panel narrative. Left panel Sammy, a raccoon with somber blue eyes, in a dimly lit alleyway, clutching a sticker-covered acoustic guitar. He wears a studded leather jacket over a raccoon graphic T-shirt .jpg",128.72 KB,11-26-25,768,1376,,,"/Users/steven/Music/nocTurneMeLoDieS/suno_backups/images/images/2250x2700 pixel digital artwork, two-panel narrative. Left panel Sammy, a raccoon with somber blue eyes, in a dimly lit alleyway, clutching a sticker-covered acoustic guitar. He wears a studded leather jacket over a raccoon graphic T-shirt .jpg"
"2250x2700 pixel digital artwork, two panels soft pastel colors, overhead bird’s eye view. Left panel Sammy, raccoon musician, somber expression, blue glowing eyes, studded leather jacket, white raccoon graphic T-shirt, ripped black jeans,.jpg",120.94 KB,11-26-25,768,1376,,,"/Users/steven/Music/nocTurneMeLoDieS/suno_backups/images/images/2250x2700 pixel digital artwork, two panels soft pastel colors, overhead bird’s eye view. Left panel Sammy, raccoon musician, somber expression, blue glowing eyes, studded leather jacket, white raccoon graphic T-shirt, ripped black jeans,.jpg"
0003_3_a-digital-illustration-of-a-vibrant-cove_jKBXmlXKQM2e2D0meH8NZA_weWGRDQpSpi1qu_SynuR9Q.png,1.25 MB,11-26-25,800,1280,,,/Users/steven/Music/nocTurneMeLoDieS/suno_backups/images/images/0003_3_a-digital-illustration-of-a-vibrant-cove_jKBXmlXKQM2e2D0meH8NZA_weWGRDQpSpi1qu_SynuR9Q.png
"2250x2700 pixel digital artwork, two panels left panel, Sammy, raccoon, in dimly lit graffiti alley, clutching acoustic guitar, studded leather jacket, white T-shirt with raccoon graphic, ripped black jeans, neon pink and purple graffiti, w.jpg",71.41 KB,11-26-25,768,1376,,,"/Users/steven/Music/nocTurneMeLoDieS/suno_backups/images/images/2250x2700 pixel digital artwork, two panels left panel, Sammy, raccoon, in dimly lit graffiti alley, clutching acoustic guitar, studded leather jacket, white T-shirt with raccoon graphic, ripped black jeans, neon pink and purple graffiti, w.jpg"
"Digital painting, dark urban alley, night scene, roaring dumpster fire, thick black smoke, eerie glow, TrashCat raccoons in punk attire, graffiti, neon signs, grunge typography Live Fast Eat Trash.jpg",111.54 KB,11-26-25,1024,1024,,,"/Users/steven/Music/nocTurneMeLoDieS/suno_backups/images/images/Digital painting, dark urban alley, night scene, roaring dumpster fire, thick black smoke, eerie glow, TrashCat raccoons in punk attire, graffiti, neon signs, grunge typography Live Fast Eat Trash.jpg"
"2250x2700 pixel digital artwork, two-panel narrative. Left Sammy, raccoon musician, in dimly lit alley, wearing studded leather jacket. Soft, warm lighting, reds, oranges, yellows, diffused shadows. Right Close-up, Sammy by fire, subtle ill.jpg",87.55 KB,11-26-25,768,1376,,,"/Users/steven/Music/nocTurneMeLoDieS/suno_backups/images/images/2250x2700 pixel digital artwork, two-panel narrative. Left Sammy, raccoon musician, in dimly lit alley, wearing studded leather jacket. Soft, warm lighting, reds, oranges, yellows, diffused shadows. Right Close-up, Sammy by fire, subtle ill.jpg"
"High-resolution 2250x2700px digital artwork. Two-panel narrative featuring Sammy, a raccoon musician in a moody urban environment. Deep ultraviolet hues. Left panel Sammy in a dimly lit alley at night. He wears a studded leather jacket, whi.jpg",109.71 KB,11-26-25,768,1376,,,"/Users/steven/Music/nocTurneMeLoDieS/suno_backups/images/images/High-resolution 2250x2700px digital artwork. Two-panel narrative featuring Sammy, a raccoon musician in a moody urban environment. Deep ultraviolet hues. Left panel Sammy in a dimly lit alley at night. He wears a studded leather jacket, whi.jpg"
"Vibrant typography cover image, edgy and geeky style,  ‘Summer Love Vibes’ prompt reflecting content. Artistic lighting, abstract patterns, rich textures visible brushstrokes.jpg",806.93 KB,11-26-25,768,1376,,,"/Users/steven/Music/nocTurneMeLoDieS/suno_backups/images/images/Vibrant typography cover image, edgy and geeky style,  ‘Summer Love Vibes’ prompt reflecting content. Artistic lighting, abstract patterns, rich textures visible brushstrokes.jpg"
grit-or-glam.jpeg,277.22 KB,11-26-25,800,1200,72,72,/Users/steven/Music/nocTurneMeLoDieS/DOCS/grit-or-glam.jpeg
