priority,action,type,category,before_path,after_path,file_count,description
P1,move,folder,analysis,MULTI_DEPTH_ANALYSIS_20251128_124920,analysis/depth_analysis/MULTI_DEPTH_ANALYSIS_20251128_124920,2,Analysis output folder
P1,move,folder,analysis,MULTI_DEPTH_ANALYSIS_20251128_215220,analysis/depth_analysis/MULTI_DEPTH_ANALYSIS_20251128_215220,2,Analysis output folder
P1,move,folder,analysis,deepdive_scan_20251225_023925,analysis/scans/deepdive_scan_20251225_023925,3,Analysis output folder
P2,keep,file,other,MEDIA_PROCESSING/vidgenUI.py,MEDIA_PROCESSING/vidgenUI.py,1,Python script - other
P2,move,file,organize,MEDIA_PROCESSING/consolidated_media_processor.py,MEDIA_PROCESSING/organize/consolidated_media_processor.py,1,Python script - organize
P2,move,file,image,MEDIA_PROCESSING/imgmove.py,MEDIA_PROCESSING/image/imgmove.py,1,Python script - image
P2,move,file,organize,MEDIA_PROCESSING/cleanups.py,MEDIA_PROCESSING/organize/cleanups.py,1,Python script - organize
P2,keep,file,other,MEDIA_PROCESSING/convert copy.py,MEDIA_PROCESSING/convert copy.py,1,Python script - other
P2,move,file,social_media,MEDIA_PROCESSING/watch_user_likers_stories.py,MEDIA_PROCESSING/social_media/watch_user_likers_stories.py,1,Python script - social_media
P2,keep,file,other,MEDIA_PROCESSING/sponsoredlinks.py,MEDIA_PROCESSING/sponsoredlinks.py,1,Python script - other
P2,move,file,image,MEDIA_PROCESSING/direct_send_photo.py,MEDIA_PROCESSING/image/direct_send_photo.py,1,Python script - image
P2,keep,file,other,MEDIA_PROCESSING/y--.py,MEDIA_PROCESSING/y--.py,1,Python script - other
P2,keep,file,other,MEDIA_PROCESSING/serialize.py,MEDIA_PROCESSING/serialize.py,1,Python script - other
P2,keep,file,other,MEDIA_PROCESSING/up-down-old.py,MEDIA_PROCESSING/up-down-old.py,1,Python script - other
P2,move,file,organize,MEDIA_PROCESSING/file-sort.py,MEDIA_PROCESSING/organize/file-sort.py,1,Python script - organize
P2,keep,file,other,MEDIA_PROCESSING/analyze_migration.py,MEDIA_PROCESSING/analyze_migration.py,1,Python script - other
P2,move,file,social_media,MEDIA_PROCESSING/bot_comment.py,MEDIA_PROCESSING/social_media/bot_comment.py,1,Python script - social_media
P2,move,file,social_media,MEDIA_PROCESSING/test_bot_get.py,MEDIA_PROCESSING/social_media/test_bot_get.py,1,Python script - social_media
P2,keep,file,other,MEDIA_PROCESSING/resultdict.py,MEDIA_PROCESSING/resultdict.py,1,Python script - other
P2,move,file,upscale,MEDIA_PROCESSING/upscaled_media_image.py,MEDIA_PROCESSING/upscale/upscaled_media_image.py,1,Python script - upscale
P2,keep,file,other,MEDIA_PROCESSING/modeline.py,MEDIA_PROCESSING/modeline.py,1,Python script - other
P2,keep,file,other,MEDIA_PROCESSING/downs.py,MEDIA_PROCESSING/downs.py,1,Python script - other
P2,move,file,upscale,MEDIA_PROCESSING/upscale_media_image.py,MEDIA_PROCESSING/upscale/upscale_media_image.py,1,Python script - upscale
P2,move,file,social_media,MEDIA_PROCESSING/AskReddit_loop.py,MEDIA_PROCESSING/social_media/AskReddit_loop.py,1,Python script - social_media
P2,move,file,image,MEDIA_PROCESSING/ImageCreator.py,MEDIA_PROCESSING/image/ImageCreator.py,1,Python script - image
P2,move,file,image,MEDIA_PROCESSING/gallery_upload.py,MEDIA_PROCESSING/image/gallery_upload.py,1,Python script - image
P2,move,file,organize,MEDIA_PROCESSING/organize (1).py,MEDIA_PROCESSING/organize/organize (1).py,1,Python script - organize
P2,keep,file,other,MEDIA_PROCESSING/console.py,MEDIA_PROCESSING/console.py,1,Python script - other
P2,keep,file,other,MEDIA_PROCESSING/envs.py,MEDIA_PROCESSING/envs.py,1,Python script - other
P2,keep,file,other,MEDIA_PROCESSING/googlesets.py,MEDIA_PROCESSING/googlesets.py,1,Python script - other
P2,move,file,upscale,MEDIA_PROCESSING/upscale copy 2.py,MEDIA_PROCESSING/upscale/upscale copy 2.py,1,Python script - upscale
P2,keep,file,other,MEDIA_PROCESSING/split-2.py,MEDIA_PROCESSING/split-2.py,1,Python script - other
P2,keep,file,other,MEDIA_PROCESSING/FIND_UNIQUE_CHAPTERS.py,MEDIA_PROCESSING/FIND_UNIQUE_CHAPTERS.py,1,Python script - other
P2,move,file,testing,MEDIA_PROCESSING/static_test.py,MEDIA_PROCESSING/static_test.py,1,Python script - testing
P2,move,file,image,MEDIA_PROCESSING/image_utils.py,MEDIA_PROCESSING/image/image_utils.py,1,Python script - image
P2,keep,file,other,MEDIA_PROCESSING/webpConvert.py,MEDIA_PROCESSING/webpConvert.py,1,Python script - other
P2,move,file,image,MEDIA_PROCESSING/repost_best_photos_from_users.py,MEDIA_PROCESSING/image/repost_best_photos_from_users.py,1,Python script - image
P2,keep,file,other,MEDIA_PROCESSING/50.py,MEDIA_PROCESSING/50.py,1,Python script - other
P2,move,file,organize,MEDIA_PROCESSING/imove.py,MEDIA_PROCESSING/organize/imove.py,1,Python script - organize
P2,keep,file,other,MEDIA_PROCESSING/beatsaber.py,MEDIA_PROCESSING/beatsaber.py,1,Python script - other
P2,keep,file,other,MEDIA_PROCESSING/rename_file.py,MEDIA_PROCESSING/rename_file.py,1,Python script - other
P2,keep,file,other,MEDIA_PROCESSING/get_external_link.py,MEDIA_PROCESSING/get_external_link.py,1,Python script - other
P2,move,file,audio,MEDIA_PROCESSING/tts_main.py,MEDIA_PROCESSING/audio/tts_main.py,1,Python script - audio
P2,move,file,audio,MEDIA_PROCESSING/mp3_processor.py,MEDIA_PROCESSING/audio/mp3_processor.py,1,Python script - audio
P2,move,file,social_media,MEDIA_PROCESSING/gmupload.py,MEDIA_PROCESSING/social_media/gmupload.py,1,Python script - social_media
P2,keep,file,other,MEDIA_PROCESSING/subredditSentiment.py,MEDIA_PROCESSING/subredditSentiment.py,1,Python script - other
P2,move,file,social_media,MEDIA_PROCESSING/help_uploadbot.py,MEDIA_PROCESSING/social_media/help_uploadbot.py,1,Python script - social_media
P2,keep,file,other,MEDIA_PROCESSING/scanner.py,MEDIA_PROCESSING/scanner.py,1,Python script - other
P2,keep,file,other,MEDIA_PROCESSING/formatter.py,MEDIA_PROCESSING/formatter.py,1,Python script - other
P2,move,file,upscale,MEDIA_PROCESSING/auto_upscale.py,MEDIA_PROCESSING/upscale/auto_upscale.py,1,Python script - upscale
P2,keep,file,other,MEDIA_PROCESSING/server.py,MEDIA_PROCESSING/server.py,1,Python script - other
P2,keep,file,other,MEDIA_PROCESSING/egg_link.py,MEDIA_PROCESSING/egg_link.py,1,Python script - other
P2,move,file,social_media,MEDIA_PROCESSING/bot_filter.py,MEDIA_PROCESSING/social_media/bot_filter.py,1,Python script - social_media
P2,move,file,social_media,MEDIA_PROCESSING/NewUpload_20250607125012.py,MEDIA_PROCESSING/social_media/NewUpload_20250607125012.py,1,Python script - social_media
P2,move,file,upscale,MEDIA_PROCESSING/upscalerr.py,MEDIA_PROCESSING/upscale/upscalerr.py,1,Python script - upscale
P2,move,file,social_media,MEDIA_PROCESSING/society6-upload.py,MEDIA_PROCESSING/social_media/society6-upload.py,1,Python script - social_media
P2,move,file,organize,MEDIA_PROCESSING/imove--.py,MEDIA_PROCESSING/organize/imove--.py,1,Python script - organize
P2,move,file,social_media,MEDIA_PROCESSING/friends_last_post_likes_and_interact_with_user_based_on_hashtahs.py,MEDIA_PROCESSING/social_media/friends_last_post_likes_and_interact_with_user_based_on_hashtahs.py,1,Python script - social_media
P2,move,file,audio,MEDIA_PROCESSING/webm-to-mp3.py,MEDIA_PROCESSING/audio/webm-to-mp3.py,1,Python script - audio
P2,move,file,organize,MEDIA_PROCESSING/REMOVE_DUPLICATE_CHAPTERS.py,MEDIA_PROCESSING/organize/REMOVE_DUPLICATE_CHAPTERS.py,1,Python script - organize
P2,keep,file,other,MEDIA_PROCESSING/169-11.py,MEDIA_PROCESSING/169-11.py,1,Python script - other
P2,keep,file,other,MEDIA_PROCESSING/style_engine.py,MEDIA_PROCESSING/style_engine.py,1,Python script - other
P2,keep,file,other,MEDIA_PROCESSING/orn-up.py,MEDIA_PROCESSING/orn-up.py,1,Python script - other
P2,move,file,config,MEDIA_PROCESSING/config.py,MEDIA_PROCESSING/config.py,1,Python script - config
P2,keep,file,other,MEDIA_PROCESSING/scancsv.py,MEDIA_PROCESSING/scancsv.py,1,Python script - other
P2,move,file,config,MEDIA_PROCESSING/sample_config.py,MEDIA_PROCESSING/sample_config.py,1,Python script - config
P2,keep,file,other,MEDIA_PROCESSING/ffmpegdl.py,MEDIA_PROCESSING/ffmpegdl.py,1,Python script - other
P2,keep,file,other,MEDIA_PROCESSING/version.py,MEDIA_PROCESSING/version.py,1,Python script - other
P2,move,file,video,MEDIA_PROCESSING/youtube.py,MEDIA_PROCESSING/video/youtube.py,1,Python script - video
P2,keep,file,other,MEDIA_PROCESSING/encoding.py,MEDIA_PROCESSING/encoding.py,1,Python script - other
P2,keep,file,other,MEDIA_PROCESSING/direct_url.py,MEDIA_PROCESSING/direct_url.py,1,Python script - other
P2,keep,file,other,MEDIA_PROCESSING/list.py,MEDIA_PROCESSING/list.py,1,Python script - other
P2,keep,file,other,MEDIA_PROCESSING/readability.py,MEDIA_PROCESSING/readability.py,1,Python script - other
P2,keep,file,other,MEDIA_PROCESSING/get-pip.py,MEDIA_PROCESSING/get-pip.py,1,Python script - other
P2,keep,file,other,MEDIA_PROCESSING/convert-loop2.py,MEDIA_PROCESSING/convert-loop2.py,1,Python script - other
P2,move,file,social_media,MEDIA_PROCESSING/bot_get.py,MEDIA_PROCESSING/social_media/bot_get.py,1,Python script - social_media
P2,keep,file,other,MEDIA_PROCESSING/autoscaling_sagemaker_endpoint.py,MEDIA_PROCESSING/autoscaling_sagemaker_endpoint.py,1,Python script - other
P2,keep,file,other,MEDIA_PROCESSING/style.py,MEDIA_PROCESSING/style.py,1,Python script - other
P2,move,file,upscale,MEDIA_PROCESSING/upscale-.py,MEDIA_PROCESSING/upscale/upscale-.py,1,Python script - upscale
P2,keep,file,other,MEDIA_PROCESSING/downloader.py,MEDIA_PROCESSING/downloader.py,1,Python script - other
P2,move,file,social_media,MEDIA_PROCESSING/UploadCompilation.py,MEDIA_PROCESSING/social_media/UploadCompilation.py,1,Python script - social_media
P2,move,file,video,MEDIA_PROCESSING/cache_media_video.py,MEDIA_PROCESSING/video/cache_media_video.py,1,Python script - video
P2,keep,file,other,MEDIA_PROCESSING/index.py,MEDIA_PROCESSING/index.py,1,Python script - other
P2,keep,file,other,MEDIA_PROCESSING/my_token.py,MEDIA_PROCESSING/my_token.py,1,Python script - other
P2,move,file,social_media,MEDIA_PROCESSING/like_hashtags.py,MEDIA_PROCESSING/social_media/like_hashtags.py,1,Python script - social_media
P2,keep,file,other,MEDIA_PROCESSING/csv-mydesgin.py,MEDIA_PROCESSING/csv-mydesgin.py,1,Python script - other
P2,keep,file,other,MEDIA_PROCESSING/leo-ups.py,MEDIA_PROCESSING/leo-ups.py,1,Python script - other
P2,keep,file,other,MEDIA_PROCESSING/pics2pdfs-100album.py,MEDIA_PROCESSING/pics2pdfs-100album.py,1,Python script - other
P2,keep,file,other,MEDIA_PROCESSING/leodown_20250102111003.py,MEDIA_PROCESSING/leodown_20250102111003.py,1,Python script - other
P2,move,file,testing,MEDIA_PROCESSING/sound_test.py,MEDIA_PROCESSING/sound_test.py,1,Python script - testing
P2,move,file,video,MEDIA_PROCESSING/ytcsv.py,MEDIA_PROCESSING/video/ytcsv.py,1,Python script - video
P2,keep,file,other,MEDIA_PROCESSING/completion.py,MEDIA_PROCESSING/completion.py,1,Python script - other
P2,move,file,video,MEDIA_PROCESSING/clips.py,MEDIA_PROCESSING/video/clips.py,1,Python script - video
P2,move,file,video,MEDIA_PROCESSING/youtube_analytics.py,MEDIA_PROCESSING/video/youtube_analytics.py,1,Python script - video
P2,keep,file,other,MEDIA_PROCESSING/screenshot_downloader.py,MEDIA_PROCESSING/screenshot_downloader.py,1,Python script - other
P2,move,file,organize,MEDIA_PROCESSING/CLEANUP_LOOSE_FILES.py,MEDIA_PROCESSING/organize/CLEANUP_LOOSE_FILES.py,1,Python script - organize
P2,keep,file,other,MEDIA_PROCESSING/TRANSCRIBE_AND_ANALYZE.py,MEDIA_PROCESSING/TRANSCRIBE_AND_ANALYZE.py,1,Python script - other
P2,move,file,social_media,MEDIA_PROCESSING/botStories.py,MEDIA_PROCESSING/social_media/botStories.py,1,Python script - social_media
P2,keep,file,other,MEDIA_PROCESSING/render.py,MEDIA_PROCESSING/render.py,1,Python script - other
P2,keep,file,other,MEDIA_PROCESSING/deprecation.py,MEDIA_PROCESSING/deprecation.py,1,Python script - other
P2,move,file,image,MEDIA_PROCESSING/repost_photo.py,MEDIA_PROCESSING/image/repost_photo.py,1,Python script - image
P2,move,file,upscale,MEDIA_PROCESSING/upscale_system.py,MEDIA_PROCESSING/upscale/upscale_system.py,1,Python script - upscale
P2,move,file,social_media,MEDIA_PROCESSING/NewUpload_20250607131031.py,MEDIA_PROCESSING/social_media/NewUpload_20250607131031.py,1,Python script - social_media
P2,keep,file,other,MEDIA_PROCESSING/goapi.py,MEDIA_PROCESSING/goapi.py,1,Python script - other
P2,keep,file,other,MEDIA_PROCESSING/track.py,MEDIA_PROCESSING/track.py,1,Python script - other
P2,move,file,social_media,MEDIA_PROCESSING/downloadupload.py,MEDIA_PROCESSING/social_media/downloadupload.py,1,Python script - social_media
P2,move,file,social_media,MEDIA_PROCESSING/NewUpload_20250607131227.py,MEDIA_PROCESSING/social_media/NewUpload_20250607131227.py,1,Python script - social_media
P2,keep,file,other,MEDIA_PROCESSING/convert-loop.py,MEDIA_PROCESSING/convert-loop.py,1,Python script - other
P2,keep,file,other,MEDIA_PROCESSING/file_cache.py,MEDIA_PROCESSING/file_cache.py,1,Python script - other
P2,move,file,utilities,MEDIA_PROCESSING/util.py,MEDIA_PROCESSING/utilities/util.py,1,Python script - utilities
P2,move,file,image,MEDIA_PROCESSING/download_your_photos.py,MEDIA_PROCESSING/image/download_your_photos.py,1,Python script - image
P2,keep,file,other,MEDIA_PROCESSING/link-html.py,MEDIA_PROCESSING/link-html.py,1,Python script - other
P2,keep,file,other,MEDIA_PROCESSING/unzip.py,MEDIA_PROCESSING/unzip.py,1,Python script - other
P2,keep,file,other,MEDIA_PROCESSING/generate-category.py,MEDIA_PROCESSING/generate-category.py,1,Python script - other
P2,move,file,social_media,MEDIA_PROCESSING/reset_following.py,MEDIA_PROCESSING/social_media/reset_following.py,1,Python script - social_media
P2,keep,file,other,MEDIA_PROCESSING/categories.py,MEDIA_PROCESSING/categories.py,1,Python script - other
P2,move,file,upscale,MEDIA_PROCESSING/unified_image_upscaler.py,MEDIA_PROCESSING/upscale/unified_image_upscaler.py,1,Python script - upscale
P2,move,file,social_media,MEDIA_PROCESSING/like_hashtags_from_file.py,MEDIA_PROCESSING/social_media/like_hashtags_from_file.py,1,Python script - social_media
P2,move,file,upscale,MEDIA_PROCESSING/upscale-dl.py,MEDIA_PROCESSING/upscale/upscale-dl.py,1,Python script - upscale
P2,move,file,upscale,MEDIA_PROCESSING/upscale-dl 2.py,MEDIA_PROCESSING/upscale/upscale-dl 2.py,1,Python script - upscale
P2,move,file,image,MEDIA_PROCESSING/scan_images.py,MEDIA_PROCESSING/image/scan_images.py,1,Python script - image
P2,move,file,social_media,MEDIA_PROCESSING/test_bot_follow.py,MEDIA_PROCESSING/social_media/test_bot_follow.py,1,Python script - social_media
P2,move,file,image,MEDIA_PROCESSING/img-img.py,MEDIA_PROCESSING/image/img-img.py,1,Python script - image
P2,move,file,social_media,MEDIA_PROCESSING/test_bot_support.py,MEDIA_PROCESSING/social_media/test_bot_support.py,1,Python script - social_media
P2,move,file,image,MEDIA_PROCESSING/Telegraph Image Downloader [RUS].py,MEDIA_PROCESSING/image/Telegraph Image Downloader [RUS].py,1,Python script - image
P2,move,file,social_media,MEDIA_PROCESSING/target_followers_of_similar_accounts_and_influencers.py,MEDIA_PROCESSING/social_media/target_followers_of_similar_accounts_and_influencers.py,1,Python script - social_media
P2,move,file,image,MEDIA_PROCESSING/test_image_utils.py,MEDIA_PROCESSING/image/test_image_utils.py,1,Python script - image
P2,move,file,organize,MEDIA_PROCESSING/vanceai-removebg.py,MEDIA_PROCESSING/organize/vanceai-removebg.py,1,Python script - organize
P2,keep,file,other,MEDIA_PROCESSING/clientUI.py,MEDIA_PROCESSING/clientUI.py,1,Python script - other
P2,keep,file,other,MEDIA_PROCESSING/download_stickers.py,MEDIA_PROCESSING/download_stickers.py,1,Python script - other
P2,keep,file,other,MEDIA_PROCESSING/s3bucket.py,MEDIA_PROCESSING/s3bucket.py,1,Python script - other
P2,keep,file,other,MEDIA_PROCESSING/up-down.py,MEDIA_PROCESSING/up-down.py,1,Python script - other
P2,keep,file,other,MEDIA_PROCESSING/req_set.py,MEDIA_PROCESSING/req_set.py,1,Python script - other
P2,move,file,video,MEDIA_PROCESSING/convert_to_video.py,MEDIA_PROCESSING/video/convert_to_video.py,1,Python script - video
P2,keep,file,other,MEDIA_PROCESSING/csvp.py,MEDIA_PROCESSING/csvp.py,1,Python script - other
P2,keep,file,other,MEDIA_PROCESSING/convert.py,MEDIA_PROCESSING/convert.py,1,Python script - other
P2,move,file,social_media,MEDIA_PROCESSING/test_bot_like.py,MEDIA_PROCESSING/social_media/test_bot_like.py,1,Python script - social_media
P2,keep,file,other,MEDIA_PROCESSING/listcsv.py,MEDIA_PROCESSING/listcsv.py,1,Python script - other
P2,keep,file,other,MEDIA_PROCESSING/data_warehouse.py,MEDIA_PROCESSING/data_warehouse.py,1,Python script - other
P2,move,file,social_media,MEDIA_PROCESSING/infinity_hashtags_liker.py,MEDIA_PROCESSING/social_media/infinity_hashtags_liker.py,1,Python script - social_media
P2,keep,file,other,MEDIA_PROCESSING/found_candidates.py,MEDIA_PROCESSING/found_candidates.py,1,Python script - other
P2,keep,file,other,MEDIA_PROCESSING/generate_album_html-pages_fixed 2.py,MEDIA_PROCESSING/generate_album_html-pages_fixed 2.py,1,Python script - other
P2,move,file,upscale,MEDIA_PROCESSING/upscale-dl_media_image.py,MEDIA_PROCESSING/upscale/upscale-dl_media_image.py,1,Python script - upscale
P2,move,file,video,MEDIA_PROCESSING/YouTube_VIEWBOT.py,MEDIA_PROCESSING/video/YouTube_VIEWBOT.py,1,Python script - video
P2,keep,file,other,MEDIA_PROCESSING/simple_interaction_good_for_beginners.py,MEDIA_PROCESSING/simple_interaction_good_for_beginners.py,1,Python script - other
P2,move,file,organize,MEDIA_PROCESSING/remove.py,MEDIA_PROCESSING/organize/remove.py,1,Python script - organize
P2,move,file,upscale,MEDIA_PROCESSING/processor_cli_from_upscaler.py,MEDIA_PROCESSING/upscale/processor_cli_from_upscaler.py,1,Python script - upscale
P2,keep,file,other,MEDIA_PROCESSING/universe4 2.py,MEDIA_PROCESSING/universe4 2.py,1,Python script - other
P2,keep,file,other,MEDIA_PROCESSING/png-jpg.py,MEDIA_PROCESSING/png-jpg.py,1,Python script - other
P2,move,file,upscale,MEDIA_PROCESSING/upscale_file.py,MEDIA_PROCESSING/upscale/upscale_file.py,1,Python script - upscale
P2,move,file,image,MEDIA_PROCESSING/download_photos_by_user.py,MEDIA_PROCESSING/image/download_photos_by_user.py,1,Python script - image
P2,keep,file,other,MEDIA_PROCESSING/savify.py,MEDIA_PROCESSING/savify.py,1,Python script - other
P2,move,file,upscale,MEDIA_PROCESSING/upscale.py,MEDIA_PROCESSING/upscale/upscale.py,1,Python script - upscale
P2,keep,file,other,MEDIA_PROCESSING/background.py,MEDIA_PROCESSING/background.py,1,Python script - other
P2,move,file,social_media,MEDIA_PROCESSING/NewUpload_20250607130507.py,MEDIA_PROCESSING/social_media/NewUpload_20250607130507.py,1,Python script - social_media
P2,keep,file,other,MEDIA_PROCESSING/bing.py,MEDIA_PROCESSING/bing.py,1,Python script - other
P2,keep,file,other,MEDIA_PROCESSING/thumbnail.py,MEDIA_PROCESSING/thumbnail.py,1,Python script - other
P2,move,file,upscale,MEDIA_PROCESSING/upscale copy.py,MEDIA_PROCESSING/upscale/upscale copy.py,1,Python script - upscale
P2,move,file,social_media,MEDIA_PROCESSING/bot_direct.py,MEDIA_PROCESSING/social_media/bot_direct.py,1,Python script - social_media
P2,move,file,utilities,MEDIA_PROCESSING/direct_url_helpers.py,MEDIA_PROCESSING/utilities/direct_url_helpers.py,1,Python script - utilities
P2,keep,file,other,MEDIA_PROCESSING/cache.py,MEDIA_PROCESSING/cache.py,1,Python script - other
P2,move,file,config,MEDIA_PROCESSING/configHandler.py,MEDIA_PROCESSING/configHandler.py,1,Python script - config
P2,keep,file,other,MEDIA_PROCESSING/ups.py,MEDIA_PROCESSING/ups.py,1,Python script - other
P2,keep,file,other,MEDIA_PROCESSING/actions.py,MEDIA_PROCESSING/actions.py,1,Python script - other
P2,keep,file,other,MEDIA_PROCESSING/playing_around_with_quota_supervisor.py,MEDIA_PROCESSING/playing_around_with_quota_supervisor.py,1,Python script - other
P2,keep,file,other,MEDIA_PROCESSING/__init__.py,MEDIA_PROCESSING/__init__.py,1,Python script - other
P2,move,file,organize,MEDIA_PROCESSING/organize_albums 2.py,MEDIA_PROCESSING/organize/organize_albums 2.py,1,Python script - organize
P2,move,file,organize,MEDIA_PROCESSING/cleanupd.py,MEDIA_PROCESSING/organize/cleanupd.py,1,Python script - organize
P2,keep,file,other,MEDIA_PROCESSING/api_story.py,MEDIA_PROCESSING/api_story.py,1,Python script - other
P2,move,file,upscale,MEDIA_PROCESSING/batch_upscaler.py,MEDIA_PROCESSING/upscale/batch_upscaler.py,1,Python script - upscale
P2,keep,file,other,MEDIA_PROCESSING/format.py,MEDIA_PROCESSING/format.py,1,Python script - other
P2,move,file,social_media,MEDIA_PROCESSING/stylish_unfollow_tips_and_like_by_tags.py,MEDIA_PROCESSING/social_media/stylish_unfollow_tips_and_like_by_tags.py,1,Python script - social_media
P2,move,file,social_media,MEDIA_PROCESSING/botLike.py,MEDIA_PROCESSING/social_media/botLike.py,1,Python script - social_media
P2,keep,file,other,MEDIA_PROCESSING/playlist_20221230180508.py,MEDIA_PROCESSING/playlist_20221230180508.py,1,Python script - other
P2,keep,file,other,MEDIA_PROCESSING/splt-1.py,MEDIA_PROCESSING/splt-1.py,1,Python script - other
P2,keep,file,other,MEDIA_PROCESSING/leocsv.py,MEDIA_PROCESSING/leocsv.py,1,Python script - other
P2,move,file,image,MEDIA_PROCESSING/html-auto-img-gallery.py,MEDIA_PROCESSING/image/html-auto-img-gallery.py,1,Python script - image
P2,move,file,social_media,MEDIA_PROCESSING/NewUpload_20250607131212.py,MEDIA_PROCESSING/social_media/NewUpload_20250607131212.py,1,Python script - social_media
P2,move,file,social_media,MEDIA_PROCESSING/bot_unlike.py,MEDIA_PROCESSING/social_media/bot_unlike.py,1,Python script - social_media
P2,keep,file,other,MEDIA_PROCESSING/playlistlistener.py,MEDIA_PROCESSING/playlistlistener.py,1,Python script - other
P2,keep,file,other,MEDIA_PROCESSING/types.py,MEDIA_PROCESSING/types.py,1,Python script - other
P2,move,file,upscale,MEDIA_PROCESSING/upscale-sub.py,MEDIA_PROCESSING/upscale/upscale-sub.py,1,Python script - upscale
P2,move,file,audio,MEDIA_PROCESSING/convert_to_audio.py,MEDIA_PROCESSING/audio/convert_to_audio.py,1,Python script - audio
P2,keep,file,other,MEDIA_PROCESSING/preset.py,MEDIA_PROCESSING/preset.py,1,Python script - other
P2,move,file,audio,MEDIA_PROCESSING/aws_polly.py,MEDIA_PROCESSING/audio/aws_polly.py,1,Python script - audio
P2,move,file,image,MEDIA_PROCESSING/img2img.py,MEDIA_PROCESSING/image/img2img.py,1,Python script - image
P2,keep,file,other,MEDIA_PROCESSING/logger.py,MEDIA_PROCESSING/logger.py,1,Python script - other
P2,move,file,image,MEDIA_PROCESSING/imagenarator.py,MEDIA_PROCESSING/image/imagenarator.py,1,Python script - image
P2,move,file,social_media,MEDIA_PROCESSING/basic_follow-unfollow_activity.py,MEDIA_PROCESSING/social_media/basic_follow-unfollow_activity.py,1,Python script - social_media
P2,keep,file,other,MEDIA_PROCESSING/ffmpeg_install.py,MEDIA_PROCESSING/ffmpeg_install.py,1,Python script - other
P2,move,file,social_media,MEDIA_PROCESSING/bot_story.py,MEDIA_PROCESSING/social_media/bot_story.py,1,Python script - social_media
P2,keep,file,other,MEDIA_PROCESSING/play.py,MEDIA_PROCESSING/play.py,1,Python script - other
P2,keep,file,other,MEDIA_PROCESSING/createdb.py,MEDIA_PROCESSING/createdb.py,1,Python script - other
P2,move,file,audio,MEDIA_PROCESSING/ORGANIZE_AUDIOBOOK.py,MEDIA_PROCESSING/audio/ORGANIZE_AUDIOBOOK.py,1,Python script - audio
P2,keep,file,other,MEDIA_PROCESSING/leo.py,MEDIA_PROCESSING/leo.py,1,Python script - other
P2,move,file,upscale,MEDIA_PROCESSING/improved_batch_upscaler_2_1.py,MEDIA_PROCESSING/upscale/improved_batch_upscaler_2_1.py,1,Python script - upscale
P2,keep,file,other,MEDIA_PROCESSING/latin1prober.py,MEDIA_PROCESSING/latin1prober.py,1,Python script - other
P2,move,file,social_media,MEDIA_PROCESSING/like_by_tag_interact_unfollow.py,MEDIA_PROCESSING/social_media/like_by_tag_interact_unfollow.py,1,Python script - social_media
P2,keep,file,other,MEDIA_PROCESSING/ultimate.py,MEDIA_PROCESSING/ultimate.py,1,Python script - other
P2,keep,file,other,MEDIA_PROCESSING/charsetprober.py,MEDIA_PROCESSING/charsetprober.py,1,Python script - other
P2,move,file,upscale,MEDIA_PROCESSING/upscale--.py,MEDIA_PROCESSING/upscale/upscale--.py,1,Python script - upscale
P2,move,file,video,MEDIA_PROCESSING/uploadYT.py,MEDIA_PROCESSING/video/uploadYT.py,1,Python script - video
P2,move,file,social_media,MEDIA_PROCESSING/botComment.py,MEDIA_PROCESSING/social_media/botComment.py,1,Python script - social_media
P2,move,file,image,MEDIA_PROCESSING/img.py,MEDIA_PROCESSING/image/img.py,1,Python script - image
P2,keep,file,other,MEDIA_PROCESSING/names.py,MEDIA_PROCESSING/names.py,1,Python script - other
P2,keep,file,other,MEDIA_PROCESSING/main_20221230223947.py,MEDIA_PROCESSING/main_20221230223947.py,1,Python script - other
P2,move,file,upscale,MEDIA_PROCESSING/web-png-upscale.py,MEDIA_PROCESSING/upscale/web-png-upscale.py,1,Python script - upscale
P2,keep,file,other,MEDIA_PROCESSING/attack.py,MEDIA_PROCESSING/attack.py,1,Python script - other
P2,move,file,video,MEDIA_PROCESSING/DownloadVideos.py,MEDIA_PROCESSING/video/DownloadVideos.py,1,Python script - video
P2,move,file,audio,MEDIA_PROCESSING/text_to_speech.py,MEDIA_PROCESSING/audio/text_to_speech.py,1,Python script - audio
P2,move,file,social_media,MEDIA_PROCESSING/NewUpload_20250607131221.py,MEDIA_PROCESSING/social_media/NewUpload_20250607131221.py,1,Python script - social_media
P2,keep,file,other,MEDIA_PROCESSING/list_csv.py,MEDIA_PROCESSING/list_csv.py,1,Python script - other
P2,keep,file,other,MEDIA_PROCESSING/bazaar.py,MEDIA_PROCESSING/bazaar.py,1,Python script - other
P2,move,file,social_media,MEDIA_PROCESSING/upload (1).py,MEDIA_PROCESSING/social_media/upload (1).py,1,Python script - social_media
P2,move,file,upscale,MEDIA_PROCESSING/imgupscale.py,MEDIA_PROCESSING/upscale/imgupscale.py,1,Python script - upscale
P2,move,file,video,MEDIA_PROCESSING/create_video.py,MEDIA_PROCESSING/video/create_video.py,1,Python script - video
P2,move,file,upscale,MEDIA_PROCESSING/upscale2_media_image.py,MEDIA_PROCESSING/upscale/upscale2_media_image.py,1,Python script - upscale
P2,keep,file,other,MEDIA_PROCESSING/scriptwrapper.py,MEDIA_PROCESSING/scriptwrapper.py,1,Python script - other
P2,keep,file,other,MEDIA_PROCESSING/parser.py,MEDIA_PROCESSING/parser.py,1,Python script - other
P2,keep,file,other,MEDIA_PROCESSING/voices.py,MEDIA_PROCESSING/voices.py,1,Python script - other
P2,move,file,audio,MEDIA_PROCESSING/audio_test.py,MEDIA_PROCESSING/audio/audio_test.py,1,Python script - audio
P2,keep,file,other,MEDIA_PROCESSING/voice.py,MEDIA_PROCESSING/voice.py,1,Python script - other
P2,move,file,organize,MEDIA_PROCESSING/organize_albums 1.py,MEDIA_PROCESSING/organize/organize_albums 1.py,1,Python script - organize
P2,keep,file,other,MEDIA_PROCESSING/api.py,MEDIA_PROCESSING/api.py,1,Python script - other
P2,move,file,video,MEDIA_PROCESSING/twitchClips.py,MEDIA_PROCESSING/video/twitchClips.py,1,Python script - video
P2,move,file,upscale,MEDIA_PROCESSING/loop-upscale.py,MEDIA_PROCESSING/upscale/loop-upscale.py,1,Python script - upscale
P2,keep,file,other,MEDIA_PROCESSING/subreddit.py,MEDIA_PROCESSING/subreddit.py,1,Python script - other
P2,move,file,social_media,MEDIA_PROCESSING/NewUpload_20250607131205.py,MEDIA_PROCESSING/social_media/NewUpload_20250607131205.py,1,Python script - social_media
P2,keep,file,other,MEDIA_PROCESSING/rtf.py,MEDIA_PROCESSING/rtf.py,1,Python script - other
P2,move,file,video,MEDIA_PROCESSING/bot_video.py,MEDIA_PROCESSING/video/bot_video.py,1,Python script - video
P2,keep,file,other,MEDIA_PROCESSING/main_20221230223427.py,MEDIA_PROCESSING/main_20221230223427.py,1,Python script - other
P2,keep,file,other,MEDIA_PROCESSING/dynamic.py,MEDIA_PROCESSING/dynamic.py,1,Python script - other
P2,keep,file,other,MEDIA_PROCESSING/csv-url-down.py,MEDIA_PROCESSING/csv-url-down.py,1,Python script - other
P2,move,file,audio,MEDIA_PROCESSING/mp3_to_mp4.py,MEDIA_PROCESSING/audio/mp3_to_mp4.py,1,Python script - audio
P2,keep,file,other,MEDIA_PROCESSING/enhanced_9mbs.py,MEDIA_PROCESSING/enhanced_9mbs.py,1,Python script - other
P2,keep,file,other,MEDIA_PROCESSING/sources.py,MEDIA_PROCESSING/sources.py,1,Python script - other
P2,keep,file,other,MEDIA_PROCESSING/visual_fx.py,MEDIA_PROCESSING/visual_fx.py,1,Python script - other
P2,move,file,video,MEDIA_PROCESSING/youtube 4.py,MEDIA_PROCESSING/video/youtube 4.py,1,Python script - video
P2,move,file,video,MEDIA_PROCESSING/ytube.py,MEDIA_PROCESSING/video/ytube.py,1,Python script - video
P2,move,file,video,MEDIA_PROCESSING/YouTubeBot.py,MEDIA_PROCESSING/video/YouTubeBot.py,1,Python script - video
P2,keep,file,other,MEDIA_PROCESSING/lexica.py,MEDIA_PROCESSING/lexica.py,1,Python script - other
P2,move,file,image,MEDIA_PROCESSING/gallery_logic.py,MEDIA_PROCESSING/image/gallery_logic.py,1,Python script - image
P2,move,file,social_media,MEDIA_PROCESSING/bot_follow.py,MEDIA_PROCESSING/social_media/bot_follow.py,1,Python script - social_media
P2,keep,file,other,MEDIA_PROCESSING/proxy_check.py,MEDIA_PROCESSING/proxy_check.py,1,Python script - other
P2,move,file,image,MEDIA_PROCESSING/upload_photos.py,MEDIA_PROCESSING/image/upload_photos.py,1,Python script - image
P2,keep,file,other,MEDIA_PROCESSING/codingstatemachine.py,MEDIA_PROCESSING/codingstatemachine.py,1,Python script - other
P2,move,file,social_media,MEDIA_PROCESSING/NewUpload_20250607130440.py,MEDIA_PROCESSING/social_media/NewUpload_20250607130440.py,1,Python script - social_media
P2,move,file,image,MEDIA_PROCESSING/img2pdf.py,MEDIA_PROCESSING/image/img2pdf.py,1,Python script - image
P2,move,file,image,MEDIA_PROCESSING/scan_images--.py,MEDIA_PROCESSING/image/scan_images--.py,1,Python script - image
P2,move,file,social_media,MEDIA_PROCESSING/bot.py,MEDIA_PROCESSING/social_media/bot.py,1,Python script - social_media
P2,keep,file,other,MEDIA_PROCESSING/best-csv.py,MEDIA_PROCESSING/best-csv.py,1,Python script - other
P2,keep,file,other,MEDIA_PROCESSING/cli.py,MEDIA_PROCESSING/cli.py,1,Python script - other
P2,move,file,utilities,MEDIA_PROCESSING/common.py,MEDIA_PROCESSING/utilities/common.py,1,Python script - utilities
P2,move,file,image,MEDIA_PROCESSING/image_test.py,MEDIA_PROCESSING/image/image_test.py,1,Python script - image
P2,keep,file,other,MEDIA_PROCESSING/search_scope.py,MEDIA_PROCESSING/search_scope.py,1,Python script - other
P2,keep,file,other,MEDIA_PROCESSING/example.py,MEDIA_PROCESSING/example.py,1,Python script - other
P2,keep,file,other,MEDIA_PROCESSING/gemini_grabber.py,MEDIA_PROCESSING/gemini_grabber.py,1,Python script - other
P2,keep,file,other,MEDIA_PROCESSING/BeautifulSoup.py,MEDIA_PROCESSING/BeautifulSoup.py,1,Python script - other
P2,move,file,social_media,MEDIA_PROCESSING/NewUpload_20250607131235.py,MEDIA_PROCESSING/social_media/NewUpload_20250607131235.py,1,Python script - social_media
P2,move,file,video,MEDIA_PROCESSING/yt_studio.py,MEDIA_PROCESSING/video/yt_studio.py,1,Python script - video
P2,keep,file,other,MEDIA_PROCESSING/json-to-csv.py,MEDIA_PROCESSING/json-to-csv.py,1,Python script - other
P2,keep,file,other,MEDIA_PROCESSING/svg.py,MEDIA_PROCESSING/svg.py,1,Python script - other
P2,keep,file,other,MEDIA_PROCESSING/good_commenting_strategy_and_new_qs_system.py,MEDIA_PROCESSING/good_commenting_strategy_and_new_qs_system.py,1,Python script - other
P2,move,file,social_media,MEDIA_PROCESSING/bulk_upload.py,MEDIA_PROCESSING/social_media/bulk_upload.py,1,Python script - social_media
P2,keep,file,other,MEDIA_PROCESSING/packaging.py,MEDIA_PROCESSING/packaging.py,1,Python script - other
P2,keep,file,other,MEDIA_PROCESSING/universe4.py,MEDIA_PROCESSING/universe4.py,1,Python script - other
P2,move,file,organize,MEDIA_PROCESSING/sort copy.py,MEDIA_PROCESSING/organize/sort copy.py,1,Python script - organize
P2,move,file,image,MEDIA_PROCESSING/pdf2img.py,MEDIA_PROCESSING/image/pdf2img.py,1,Python script - image
P2,keep,file,other,MEDIA_PROCESSING/sagemaker.py,MEDIA_PROCESSING/sagemaker.py,1,Python script - other
P2,keep,file,other,MEDIA_PROCESSING/debug.py,MEDIA_PROCESSING/debug.py,1,Python script - other
P2,keep,file,other,MEDIA_PROCESSING/escprober.py,MEDIA_PROCESSING/escprober.py,1,Python script - other
P2,move,file,image,MEDIA_PROCESSING/test_gallery_init.py,MEDIA_PROCESSING/image/test_gallery_init.py,1,Python script - image
P2,move,file,organize,MEDIA_PROCESSING/move-date.py,MEDIA_PROCESSING/organize/move-date.py,1,Python script - organize
P2,move,file,organize,MEDIA_PROCESSING/sort2.py,MEDIA_PROCESSING/organize/sort2.py,1,Python script - organize
P2,move,file,organize,MEDIA_PROCESSING/removebg2.py,MEDIA_PROCESSING/organize/removebg2.py,1,Python script - organize
P2,keep,file,other,MEDIA_PROCESSING/resizer.py,MEDIA_PROCESSING/resizer.py,1,Python script - other
P2,keep,file,other,MEDIA_PROCESSING/translation.py,MEDIA_PROCESSING/translation.py,1,Python script - other
P2,move,file,image,MEDIA_PROCESSING/test_gallery_logic.py,MEDIA_PROCESSING/image/test_gallery_logic.py,1,Python script - image
P2,keep,file,other,MEDIA_PROCESSING/message_users.py,MEDIA_PROCESSING/message_users.py,1,Python script - other
P2,keep,file,other,MEDIA_PROCESSING/entrypoints.py,MEDIA_PROCESSING/entrypoints.py,1,Python script - other
P2,keep,file,other,MEDIA_PROCESSING/resize_oct25.py,MEDIA_PROCESSING/resize_oct25.py,1,Python script - other
P2,keep,file,other,MEDIA_PROCESSING/COMBINE_CHAPTER_PARTS.py,MEDIA_PROCESSING/COMBINE_CHAPTER_PARTS.py,1,Python script - other
P2,keep,file,other,MEDIA_PROCESSING/utf8prober.py,MEDIA_PROCESSING/utf8prober.py,1,Python script - other
P2,move,file,video,MEDIA_PROCESSING/upload_video.py,MEDIA_PROCESSING/video/upload_video.py,1,Python script - video
P2,move,file,social_media,MEDIA_PROCESSING/test_bot_unlike.py,MEDIA_PROCESSING/social_media/test_bot_unlike.py,1,Python script - social_media
P2,move,file,organize,MEDIA_PROCESSING/organize_albums 4.py,MEDIA_PROCESSING/organize/organize_albums 4.py,1,Python script - organize
P2,move,file,upscale,MEDIA_PROCESSING/improved_batch_upscaler.py,MEDIA_PROCESSING/upscale/improved_batch_upscaler.py,1,Python script - upscale
P2,move,file,testing,MEDIA_PROCESSING/test_config.py,MEDIA_PROCESSING/test_config.py,1,Python script - testing
P2,move,file,organize,MEDIA_PROCESSING/organize_albums1.py,MEDIA_PROCESSING/organize/organize_albums1.py,1,Python script - organize
P2,keep,file,other,MEDIA_PROCESSING/bbcode.py,MEDIA_PROCESSING/bbcode.py,1,Python script - other
P2,move,file,organize,MEDIA_PROCESSING/move.py,MEDIA_PROCESSING/organize/move.py,1,Python script - organize
P2,move,file,image,MEDIA_PROCESSING/imgsearch.py,MEDIA_PROCESSING/image/imgsearch.py,1,Python script - image
P2,keep,file,other,MEDIA_PROCESSING/mbcsgroupprober.py,MEDIA_PROCESSING/mbcsgroupprober.py,1,Python script - other
P2,move,file,image,MEDIA_PROCESSING/__init___2T-Xx-python_image_upscaling.py,MEDIA_PROCESSING/image/__init___2T-Xx-python_image_upscaling.py,1,Python script - image
P2,keep,file,other,MEDIA_PROCESSING/basics.py,MEDIA_PROCESSING/basics.py,1,Python script - other
P2,move,file,config,MEDIA_PROCESSING/settings.py,MEDIA_PROCESSING/settings.py,1,Python script - config
P2,keep,file,other,MEDIA_PROCESSING/cb_buttons.py,MEDIA_PROCESSING/cb_buttons.py,1,Python script - other
P2,move,file,social_media,MEDIA_PROCESSING/botError.py,MEDIA_PROCESSING/social_media/botError.py,1,Python script - social_media
P2,keep,file,other,MEDIA_PROCESSING/scan.py,MEDIA_PROCESSING/scan.py,1,Python script - other
P2,move,file,social_media,MEDIA_PROCESSING/askreddit.py,MEDIA_PROCESSING/social_media/askreddit.py,1,Python script - social_media
P2,move,file,organize,MEDIA_PROCESSING/100sort.py,MEDIA_PROCESSING/organize/100sort.py,1,Python script - organize
P2,keep,file,other,MEDIA_PROCESSING/search.py,MEDIA_PROCESSING/search.py,1,Python script - other
P2,move,file,social_media,MEDIA_PROCESSING/instagram.py,MEDIA_PROCESSING/social_media/instagram.py,1,Python script - social_media
P2,keep,file,other,MEDIA_PROCESSING/generate_album_html-pages_fixed 1.py,MEDIA_PROCESSING/generate_album_html-pages_fixed 1.py,1,Python script - other
P2,keep,file,other,MEDIA_PROCESSING/tiktok.py,MEDIA_PROCESSING/tiktok.py,1,Python script - other
P2,keep,file,other,MEDIA_PROCESSING/9mbs.py,MEDIA_PROCESSING/9mbs.py,1,Python script - other
P2,move,file,image,MEDIA_PROCESSING/img-to-pdf-folder.py,MEDIA_PROCESSING/image/img-to-pdf-folder.py,1,Python script - image
P2,keep,file,other,MEDIA_PROCESSING/exceptions.py,MEDIA_PROCESSING/exceptions.py,1,Python script - other
P2,keep,file,other,MEDIA_PROCESSING/main_parser.py,MEDIA_PROCESSING/main_parser.py,1,Python script - other
P2,move,file,video,MEDIA_PROCESSING/download_user_videos.py,MEDIA_PROCESSING/video/download_user_videos.py,1,Python script - video
P2,keep,file,other,MEDIA_PROCESSING/filter.py,MEDIA_PROCESSING/filter.py,1,Python script - other
P2,move,file,upscale,MEDIA_PROCESSING/simple_upscaler.py,MEDIA_PROCESSING/upscale/simple_upscaler.py,1,Python script - upscale
P2,move,file,audio,MEDIA_PROCESSING/audiometadata.py,MEDIA_PROCESSING/audio/audiometadata.py,1,Python script - audio
P2,move,file,organize,MEDIA_PROCESSING/CONSOLIDATE_TO_TRUE_CHAPTERS.py,MEDIA_PROCESSING/organize/CONSOLIDATE_TO_TRUE_CHAPTERS.py,1,Python script - organize
P2,move,file,video,MEDIA_PROCESSING/youtube2.py,MEDIA_PROCESSING/video/youtube2.py,1,Python script - video
P2,keep,file,other,MEDIA_PROCESSING/bookmarks.py,MEDIA_PROCESSING/bookmarks.py,1,Python script - other
P2,keep,file,other,MEDIA_PROCESSING/ANALYZE_BOOK_STRUCTURE.py,MEDIA_PROCESSING/ANALYZE_BOOK_STRUCTURE.py,1,Python script - other
P2,move,file,video,MEDIA_PROCESSING/video-downloader.py,MEDIA_PROCESSING/video/video-downloader.py,1,Python script - video
P2,move,file,organize,MEDIA_PROCESSING/organize_music_library.py,MEDIA_PROCESSING/organize/organize_music_library.py,1,Python script - organize
P2,move,file,upscale,MEDIA_PROCESSING/upscale 2 copy.py,MEDIA_PROCESSING/upscale/upscale 2 copy.py,1,Python script - upscale
P2,keep,file,other,MEDIA_PROCESSING/get_gifs.py,MEDIA_PROCESSING/get_gifs.py,1,Python script - other
P2,move,file,video,MEDIA_PROCESSING/YouTubeBot 3.py,MEDIA_PROCESSING/video/YouTubeBot 3.py,1,Python script - video
P2,keep,file,other,MEDIA_PROCESSING/generate_album_html-pages_fixed.py,MEDIA_PROCESSING/generate_album_html-pages_fixed.py,1,Python script - other
P2,move,file,audio,MEDIA_PROCESSING/audiodownload.py,MEDIA_PROCESSING/audio/audiodownload.py,1,Python script - audio
P2,keep,file,other,MEDIA_PROCESSING/8mb (1).py,MEDIA_PROCESSING/8mb (1).py,1,Python script - other
P2,move,file,video,MEDIA_PROCESSING/dedupe_python.py,MEDIA_PROCESSING/video/dedupe_python.py,1,Python script - video
P2,move,file,organize,MEDIA_PROCESSING/sort2 (1).py,MEDIA_PROCESSING/organize/sort2 (1).py,1,Python script - organize
P2,move,file,social_media,MEDIA_PROCESSING/bot_stats.py,MEDIA_PROCESSING/social_media/bot_stats.py,1,Python script - social_media
P2,move,file,upscale,MEDIA_PROCESSING/batch_upscale.py,MEDIA_PROCESSING/upscale/batch_upscale.py,1,Python script - upscale
P2,keep,file,other,MEDIA_PROCESSING/download_driver.py,MEDIA_PROCESSING/download_driver.py,1,Python script - other
P2,keep,file,other,MEDIA_PROCESSING/vidGen.py,MEDIA_PROCESSING/vidGen.py,1,Python script - other
P2,keep,file,other,MEDIA_PROCESSING/login.py,MEDIA_PROCESSING/login.py,1,Python script - other
P2,keep,file,other,MEDIA_PROCESSING/SendNotification.py,MEDIA_PROCESSING/SendNotification.py,1,Python script - other
P2,move,file,social_media,MEDIA_PROCESSING/NewUpload_20250607124913.py,MEDIA_PROCESSING/social_media/NewUpload_20250607124913.py,1,Python script - social_media
P2,move,file,social_media,MEDIA_PROCESSING/bot_unfollow.py,MEDIA_PROCESSING/social_media/bot_unfollow.py,1,Python script - social_media
P2,move,file,video,MEDIA_PROCESSING/scrape-youtube-channel-videos-url.py,MEDIA_PROCESSING/video/scrape-youtube-channel-videos-url.py,1,Python script - video
P2,move,file,image,MEDIA_PROCESSING/api_photo.py,MEDIA_PROCESSING/image/api_photo.py,1,Python script - image
P2,move,file,image,MEDIA_PROCESSING/upload_story_photo.py,MEDIA_PROCESSING/image/upload_story_photo.py,1,Python script - image
P2,keep,file,other,MEDIA_PROCESSING/user_agents.py,MEDIA_PROCESSING/user_agents.py,1,Python script - other
P2,keep,file,other,MEDIA_PROCESSING/gemini_storybook_downloader.py,MEDIA_PROCESSING/gemini_storybook_downloader.py,1,Python script - other
P2,move,file,upscale,MEDIA_PROCESSING/upscale2.py,MEDIA_PROCESSING/upscale/upscale2.py,1,Python script - upscale
P2,keep,file,other,MEDIA_PROCESSING/simple_but_effective.py,MEDIA_PROCESSING/simple_but_effective.py,1,Python script - other
P2,keep,file,other,MEDIA_PROCESSING/webm-to-mp4.py,MEDIA_PROCESSING/webm-to-mp4.py,1,Python script - other
P2,move,file,upscale,MEDIA_PROCESSING/upscale_with_sips.py,MEDIA_PROCESSING/upscale/upscale_with_sips.py,1,Python script - upscale
P2,move,file,social_media,MEDIA_PROCESSING/AskRedditBot.py,MEDIA_PROCESSING/social_media/AskRedditBot.py,1,Python script - social_media
P2,move,file,image,MEDIA_PROCESSING/img2img copy.py,MEDIA_PROCESSING/image/img2img copy.py,1,Python script - image
P2,keep,file,other,MEDIA_PROCESSING/leodown_20250102105149.py,MEDIA_PROCESSING/leodown_20250102105149.py,1,Python script - other
P2,keep,file,other,MEDIA_PROCESSING/convert-loop2 2.py,MEDIA_PROCESSING/convert-loop2 2.py,1,Python script - other
P2,keep,file,other,MEDIA_PROCESSING/codec.py,MEDIA_PROCESSING/codec.py,1,Python script - other
P2,move,file,upscale,MEDIA_PROCESSING/enhanced_image_upscaler.py,MEDIA_PROCESSING/upscale/enhanced_image_upscaler.py,1,Python script - upscale
P2,keep,file,other,MEDIA_PROCESSING/sbcharsetprober.py,MEDIA_PROCESSING/sbcharsetprober.py,1,Python script - other
P2,move,file,video,MEDIA_PROCESSING/Clip.py,MEDIA_PROCESSING/video/Clip.py,1,Python script - video
P2,keep,file,other,MEDIA_PROCESSING/parallel.py,MEDIA_PROCESSING/parallel.py,1,Python script - other
P2,keep,file,other,MEDIA_PROCESSING/index_repo.py,MEDIA_PROCESSING/index_repo.py,1,Python script - other
P2,keep,file,other,MEDIA_PROCESSING/dl_button.py,MEDIA_PROCESSING/dl_button.py,1,Python script - other
P2,move,file,organize,MEDIA_PROCESSING/organize_albums 14.py,MEDIA_PROCESSING/organize/organize_albums 14.py,1,Python script - organize
P2,move,file,utilities,MEDIA_PROCESSING/gui_utils.py,MEDIA_PROCESSING/utilities/gui_utils.py,1,Python script - utilities
P2,keep,file,other,MEDIA_PROCESSING/codingstatemachinedict.py,MEDIA_PROCESSING/codingstatemachinedict.py,1,Python script - other
P2,move,file,social_media,MEDIA_PROCESSING/bot_checkpoint.py,MEDIA_PROCESSING/social_media/bot_checkpoint.py,1,Python script - social_media
P2,keep,file,other,MEDIA_PROCESSING/help.py,MEDIA_PROCESSING/help.py,1,Python script - other
P2,keep,file,other,MEDIA_PROCESSING/sagemaker_huggingface.py,MEDIA_PROCESSING/sagemaker_huggingface.py,1,Python script - other
P2,keep,file,other,MEDIA_PROCESSING/listen.py,MEDIA_PROCESSING/listen.py,1,Python script - other
P2,keep,file,other,MEDIA_PROCESSING/info.py,MEDIA_PROCESSING/info.py,1,Python script - other
P2,keep,file,other,MEDIA_PROCESSING/best.py,MEDIA_PROCESSING/best.py,1,Python script - other
P2,move,file,upscale,MEDIA_PROCESSING/img-img-upscale.py,MEDIA_PROCESSING/upscale/img-img-upscale.py,1,Python script - upscale
P2,move,file,image,MEDIA_PROCESSING/bot_photo.py,MEDIA_PROCESSING/image/bot_photo.py,1,Python script - image
P2,keep,file,other,MEDIA_PROCESSING/9mb.py,MEDIA_PROCESSING/9mb.py,1,Python script - other
P2,move,file,image,MEDIA_PROCESSING/auto-image-gallery.py,MEDIA_PROCESSING/image/auto-image-gallery.py,1,Python script - image
P2,move,file,image,MEDIA_PROCESSING/test_gallery_upload.py,MEDIA_PROCESSING/image/test_gallery_upload.py,1,Python script - image
P2,move,file,upscale,MEDIA_PROCESSING/upscale--_media_image.py,MEDIA_PROCESSING/upscale/upscale--_media_image.py,1,Python script - upscale
P2,move,file,image,MEDIA_PROCESSING/download_photos_by_hashtag.py,MEDIA_PROCESSING/image/download_photos_by_hashtag.py,1,Python script - image
P2,move,file,video,MEDIA_PROCESSING/yt_auto_main.py,MEDIA_PROCESSING/video/yt_auto_main.py,1,Python script - video
P2,keep,file,other,MEDIA_PROCESSING/song-process2.py,MEDIA_PROCESSING/song-process2.py,1,Python script - other
P2,move,file,social_media,MEDIA_PROCESSING/botDraw.py,MEDIA_PROCESSING/social_media/botDraw.py,1,Python script - social_media
P2,move,file,social_media,MEDIA_PROCESSING/googleapi-upload.py,MEDIA_PROCESSING/social_media/googleapi-upload.py,1,Python script - social_media
P2,keep,file,other,MEDIA_PROCESSING/macromanprober.py,MEDIA_PROCESSING/macromanprober.py,1,Python script - other
P2,move,file,video,MEDIA_PROCESSING/video.py,MEDIA_PROCESSING/video/video.py,1,Python script - video
P2,move,file,testing,MEDIA_PROCESSING/test_savify.py,MEDIA_PROCESSING/test_savify.py,1,Python script - testing
P2,move,file,organize,MEDIA_PROCESSING/organize_media.py,MEDIA_PROCESSING/organize/organize_media.py,1,Python script - organize
P2,keep,file,other,MEDIA_PROCESSING/re_custom.py,MEDIA_PROCESSING/re_custom.py,1,Python script - other
P2,keep,file,other,MEDIA_PROCESSING/GUI.py,MEDIA_PROCESSING/GUI.py,1,Python script - other
P2,keep,file,other,MEDIA_PROCESSING/__main__.py,MEDIA_PROCESSING/__main__.py,1,Python script - other
P2,keep,file,other,MEDIA_PROCESSING/charsetgroupprober.py,MEDIA_PROCESSING/charsetgroupprober.py,1,Python script - other
P2,move,file,social_media,MEDIA_PROCESSING/NewUpload_20250607131028.py,MEDIA_PROCESSING/social_media/NewUpload_20250607131028.py,1,Python script - social_media
P2,move,file,audio,MEDIA_PROCESSING/streamlabs_polly.py,MEDIA_PROCESSING/audio/streamlabs_polly.py,1,Python script - audio
P2,keep,file,other,MEDIA_PROCESSING/dupes.py,MEDIA_PROCESSING/dupes.py,1,Python script - other
P2,keep,file,other,MEDIA_PROCESSING/sbcsgroupprober.py,MEDIA_PROCESSING/sbcsgroupprober.py,1,Python script - other
P2,keep,file,other,MEDIA_PROCESSING/good_usage_of_blacklist.py,MEDIA_PROCESSING/good_usage_of_blacklist.py,1,Python script - other
P2,keep,file,other,MEDIA_PROCESSING/prepare.py,MEDIA_PROCESSING/prepare.py,1,Python script - other
P2,keep,file,other,MEDIA_PROCESSING/up-down-mp4.py,MEDIA_PROCESSING/up-down-mp4.py,1,Python script - other
P2,keep,file,other,MEDIA_PROCESSING/RedditScrape.py,MEDIA_PROCESSING/RedditScrape.py,1,Python script - other
P2,keep,file,other,MEDIA_PROCESSING/virtualenv.py,MEDIA_PROCESSING/virtualenv.py,1,Python script - other
P2,move,file,testing,MEDIA_PROCESSING/test_variables.py,MEDIA_PROCESSING/test_variables.py,1,Python script - testing
P2,keep,file,other,MEDIA_PROCESSING/scrape.py,MEDIA_PROCESSING/scrape.py,1,Python script - other
P2,move,file,video,MEDIA_PROCESSING/YouTubeBot 2.py,MEDIA_PROCESSING/video/YouTubeBot 2.py,1,Python script - video
P2,move,file,social_media,MEDIA_PROCESSING/ReportBot.py,MEDIA_PROCESSING/social_media/ReportBot.py,1,Python script - social_media
P2,keep,file,other,MEDIA_PROCESSING/self_outdated_check.py,MEDIA_PROCESSING/self_outdated_check.py,1,Python script - other
P2,move,file,upscale,MEDIA_PROCESSING/web_upscaler_v2.py,MEDIA_PROCESSING/upscale/web_upscaler_v2.py,1,Python script - upscale
P2,move,file,video,MEDIA_PROCESSING/videos.py,MEDIA_PROCESSING/video/videos.py,1,Python script - video
P2,move,file,upscale,MEDIA_PROCESSING/upscaled.py,MEDIA_PROCESSING/upscale/upscaled.py,1,Python script - upscale
P2,move,file,organize,MEDIA_PROCESSING/clean-album.py,MEDIA_PROCESSING/organize/clean-album.py,1,Python script - organize
P2,keep,file,other,MEDIA_PROCESSING/csv_from_json.py,MEDIA_PROCESSING/csv_from_json.py,1,Python script - other
P2,keep,file,other,MEDIA_PROCESSING/leo-download-csv.py,MEDIA_PROCESSING/leo-download-csv.py,1,Python script - other
P2,keep,file,other,MEDIA_PROCESSING/auto_post.py,MEDIA_PROCESSING/auto_post.py,1,Python script - other
P2,keep,file,other,MEDIA_PROCESSING/dalle-html.py,MEDIA_PROCESSING/dalle-html.py,1,Python script - other
P2,keep,file,other,MEDIA_PROCESSING/downsize.py,MEDIA_PROCESSING/downsize.py,1,Python script - other
P2,keep,file,other,MEDIA_PROCESSING/save_urls_to_csv.py,MEDIA_PROCESSING/save_urls_to_csv.py,1,Python script - other
P2,move,file,social_media,MEDIA_PROCESSING/massive_follow_then_unfollow_works-non-stop.py,MEDIA_PROCESSING/social_media/massive_follow_then_unfollow_works-non-stop.py,1,Python script - social_media
P2,move,file,social_media,MEDIA_PROCESSING/NewUpload_20250607125040.py,MEDIA_PROCESSING/social_media/NewUpload_20250607125040.py,1,Python script - social_media
P1,delete,file,duplicate,MEDIA_PROCESSING/categories.py,DELETED,1,Exact duplicate of MEDIA_PROCESSING/help_uploadbot.py
P1,delete,file,duplicate,MEDIA_PROCESSING/upscale-.py,DELETED,1,Exact duplicate of MEDIA_PROCESSING/png-jpg.py
P1,delete,file,duplicate,MEDIA_PROCESSING/bot_checkpoint.py,DELETED,1,Exact duplicate of MEDIA_PROCESSING/html-auto-img-gallery.py
P1,delete,file,duplicate,MEDIA_PROCESSING/NewUpload_20250607131235.py,DELETED,1,Exact duplicate of MEDIA_PROCESSING/NewUpload_20250607131212.py
P1,delete,file,duplicate,MEDIA_PROCESSING/generate_album_html-pages_fixed 1.py,DELETED,1,Exact duplicate of MEDIA_PROCESSING/generate_album_html-pages_fixed.py
P3,move,folder,archives,system-archive,archives/system-archive,74,Move to archives category
P3,move,folder,frameworks,axolotl-main,frameworks/axolotl-main,1094,Move to frameworks category
P3,move,folder,projects,vibrant-chaplygin,projects/vibrant-chaplygin,1423,Move to projects category
P3,move,folder,projects,simplegallery,projects/simplegallery,271,Move to projects category
P3,move,folder,projects,avatararts,projects/avatararts,3,Move to projects category
P3,move,folder,projects,avatararts-deployment,projects/avatararts-deployment,1,Move to projects category
P2,move,folder,tools_automation,tools/AUTOMATION_BOTS,tools/automation/AUTOMATION_BOTS,231,Reorganize tools into automation
P2,move,folder,tools_automation,tools/scripts,tools/automation/scripts,125,Reorganize tools into automation
P2,move,folder,tools_automation,tools/scripts_root-utilities,tools/automation/scripts_root-utilities,48,Reorganize tools into automation
P2,move,folder,tools_automation,tools/scripts_organization,tools/automation/scripts_organization,12,Reorganize tools into automation
P2,move,folder,tools_data,tools/DATA_UTILITIES,tools/data/DATA_UTILITIES,11,Reorganize tools into data
P2,move,folder,tools_data,tools/DATA_UTILITIES_code_analysis,tools/data/DATA_UTILITIES_code_analysis,24,Reorganize tools into data
P2,move,folder,tools_data,tools/DATA_UTILITIES_data,tools/data/DATA_UTILITIES_data,25,Reorganize tools into data
P2,move,folder,tools_data,tools/DATA_UTILITIES_data-analyzer,tools/data/DATA_UTILITIES_data-analyzer,14,Reorganize tools into data
P2,move,folder,tools_data,tools/DATA_UTILITIES_doc-generator_content,tools/data/DATA_UTILITIES_doc-generator_content,146,Reorganize tools into data
P2,move,folder,tools_data,tools/DATA_UTILITIES_doc-generator_templates,tools/data/DATA_UTILITIES_doc-generator_templates,19,Reorganize tools into data
P2,move,folder,tools_dev,tools/devtools,tools/dev/devtools,16,Reorganize tools into dev
P2,move,folder,tools_dev,tools/devtools_development_utilities,tools/dev/devtools_development_utilities,66,Reorganize tools into dev
P2,move,folder,tools_dev,tools/devtools_testing_framework,tools/dev/devtools_testing_framework,13,Reorganize tools into dev
P2,move,folder,tools_legacy,tools/legacy_scripts,tools/legacy/legacy_scripts,57,Reorganize tools into legacy
