category,file,path,functions,classes,has_main,has_cli,has_dry_run,total_lines,code_lines,size_bytes
root,batch_dupe_content_analyzer.py,batch_dupe_content_analyzer.py,10,1,True,True,False,397,306,15147
root,cleanups.py,cleanups.py,2,0,True,False,False,60,40,2026
root,implement_organization.py,implement_organization.py,4,0,False,False,False,233,176,9901
root,auto_cleanup.py,auto_cleanup.py,3,0,False,False,False,92,63,2980
root,organize_project2025_subdirs.py,organize_project2025_subdirs.py,4,0,False,True,True,169,119,6106
root,dblsort_from_ai-text-generator.py,dblsort_from_ai-text-generator.py,0,0,False,False,False,25,12,1140
root,download_large_gdrive_files.py,download_large_gdrive_files.py,4,0,True,True,True,186,132,5076
root,storykeytrans.py,storykeytrans.py,5,0,False,False,False,192,139,8261
root,surface_map.py,surface_map.py,4,0,True,False,False,77,56,1930
root,content_based_duplicate_analyzer.py,content_based_duplicate_analyzer.py,9,1,True,True,False,329,258,12526
root,extract_vid_from_file-organizer.py,extract_vid_from_file-organizer.py,4,0,False,False,False,143,119,5238
root,organize (1).py,organize (1).py,1,0,False,False,False,31,21,1082
root,CONTENT_SIMILARITY_SCANNER.py,CONTENT_SIMILARITY_SCANNER.py,8,1,True,False,False,307,219,11824
root,execute_deep_reorganization.py,execute_deep_reorganization.py,3,1,True,False,True,157,119,5837
root,Complete_Cleanup_Orchestrator.py,Complete_Cleanup_Orchestrator.py,7,1,True,True,True,230,174,8580
root,INTELLIGENT_VERSION_ANALYZER.py,INTELLIGENT_VERSION_ANALYZER.py,14,1,True,False,False,469,346,17602
root,python-env-cleanup.py,python-env-cleanup.py,7,0,False,False,True,332,263,10697
root,get_vid_from_file-organizer.py,get_vid_from_file-organizer.py,5,0,False,False,False,86,63,3021
root,download_file_from_file-organizer.py,download_file_from_file-organizer.py,3,0,False,False,False,92,78,2937
root,SMART_DEDUPLICATE.py,SMART_DEDUPLICATE.py,7,1,True,False,True,256,170,8563
root,organize_csv_from_03_utilities.py,organize_csv_from_03_utilities.py,2,0,False,False,False,112,60,4556
root,entrypoints_from_file-organizer.py,entrypoints_from_file-organizer.py,3,0,False,False,False,84,64,3056
root,analyzerr.py,analyzerr.py,30,3,False,False,False,837,680,31984
root,smart_cleanup.py,smart_cleanup.py,9,1,True,True,True,330,239,10706
root,generate_inventory.py,generate_inventory.py,6,0,True,True,True,253,203,7780
root,organize_csv.py,organize_csv.py,2,0,False,False,False,105,57,4585
root,test_sort_values_2_1.py,test_sort_values_2_1.py,16,1,False,False,False,315,266,11462
root,organize_4.py,organize_4.py,1,0,False,False,False,29,19,1065
root,pyorganize.py,pyorganize.py,3,0,False,False,False,75,55,2372
root,simple_organize.py,simple_organize.py,11,1,True,True,False,622,504,20458
root,fetch_file_from_file-organizer.py,fetch_file_from_file-organizer.py,0,0,False,False,False,51,28,1326
root,proc_vid_from_file-organizer.py,proc_vid_from_file-organizer.py,0,0,False,False,False,0,0,18177
root,DEEP ENV & VOLUMES CONTENT-AWARE ANALYZER.py,DEEP ENV & VOLUMES CONTENT-AWARE ANALYZER.py,13,4,True,True,False,885,663,30015
root,hash_subtitle_from_file-organizer.py,hash_subtitle_from_file-organizer.py,12,0,False,True,False,144,104,4869
root,etsy_organizer.py,etsy_organizer.py,11,1,False,False,False,399,282,16145
root,generate_drive_listing.py,generate_drive_listing.py,1,0,False,False,False,90,74,3124
root,REMOVE_CONTENT_DUPLICATES.py,REMOVE_CONTENT_DUPLICATES.py,6,1,True,False,False,217,149,7518
root,complete_final_cleanup.py,complete_final_cleanup.py,4,1,True,False,True,237,176,10112
root,FUNCTIONAL_DUPLICATE_SCANNER.py,FUNCTIONAL_DUPLICATE_SCANNER.py,7,1,True,False,False,334,240,13030
root,analyze_for_miniforge_mamba.py,analyze_for_miniforge_mamba.py,4,0,False,True,False,334,274,14434
root,intelligent_script_reorganizer.py,intelligent_script_reorganizer.py,5,1,False,True,False,263,177,9194
root,ULTRA_AGGRESSIVE_SIMILARITY.py,ULTRA_AGGRESSIVE_SIMILARITY.py,9,1,True,False,False,291,204,10249
root,SMART_VERSION_CONSOLIDATION.py,SMART_VERSION_CONSOLIDATION.py,6,1,True,False,True,298,207,11296
root,pyrepo_doc_organizer_from_file-utilities.py,pyrepo_doc_organizer_from_file-utilities.py,13,1,True,True,False,477,409,14884
root,execute_context_fluid_reorganization.py,execute_context_fluid_reorganization.py,5,1,True,True,True,147,103,4881
root,organize_music_library_merged.py,organize_music_library_merged.py,3,0,False,False,False,64,45,2117
root,resize-skip-8below.py,resize-skip-8below.py,5,0,True,False,False,141,102,4507
root,safe_duplicate_cleanup.py,safe_duplicate_cleanup.py,8,1,True,False,False,184,135,7329
root,check_vid_from_file-organizer.py,check_vid_from_file-organizer.py,4,0,False,False,False,129,92,3984
root,FIX_MISPLACED_FILES.py,FIX_MISPLACED_FILES.py,4,1,True,False,False,141,97,4863
root,test_argsort_1.py,test_argsort_1.py,6,1,False,False,False,84,64,2870
root,execute_enhanced_reorganization.py,execute_enhanced_reorganization.py,3,1,True,False,True,163,122,6041
root,FAST_SIMILARITY_SCANNER.py,FAST_SIMILARITY_SCANNER.py,6,1,True,False,False,210,148,7167
root,deep-home-scan.py,deep-home-scan.py,6,0,True,False,False,307,241,11525
root,sort_2.py,sort_2.py,6,0,False,False,True,176,152,6220
root,album-sorting.py,album-sorting.py,9,2,True,True,True,288,214,11306
root,bot-photo.py,bot-photo.py,4,0,False,False,False,136,116,4052
root,etsy_focused_cleanup.py,etsy_focused_cleanup.py,6,1,False,False,True,320,231,12879
root,file-sort_merged.py,file-sort_merged.py,0,0,False,False,False,39,23,1452
root,RECURSIVE_DEEP_SCAN.py,RECURSIVE_DEEP_SCAN.py,12,1,True,False,False,472,360,18429
root,auto_organize_dry_run_from_seo-optimizer.py,auto_organize_dry_run_from_seo-optimizer.py,5,1,False,False,True,256,200,11009
root,resize-skip-8below2.py,resize-skip-8below2.py,6,0,True,False,False,141,99,4421
root,FIX_NAMING_ISSUES.py,FIX_NAMING_ISSUES.py,5,1,True,False,False,155,107,5223
root,COMPREHENSIVE_DIRECTORY_CLEANUP.py,COMPREHENSIVE_DIRECTORY_CLEANUP.py,6,1,True,False,True,330,239,12036
root,cleanup2_from_03_utilities.py,cleanup2_from_03_utilities.py,5,0,False,False,False,157,109,5003
root,vanceai-removebg_from_file-organizer.py,vanceai-removebg_from_file-organizer.py,3,0,False,False,False,77,62,2654
root,create_mamba_environments.py,create_mamba_environments.py,4,0,False,True,False,278,232,10994
root,quantum_media_processor_1.py,quantum_media_processor_1.py,3,1,False,False,False,38,33,1409
root,printify-organize_1.py,printify-organize_1.py,7,0,True,False,False,205,153,6941
root,migrate_projects.py,migrate_projects.py,16,1,False,False,False,497,375,18861
root,convert_text_from_file-organizer.py,convert_text_from_file-organizer.py,47,2,False,False,False,980,769,31025
root,render-text.py,render-text.py,18,7,False,False,False,401,319,12507
root,cleanupd.py,cleanupd.py,2,0,True,False,False,64,45,2263
root,duplicate_removal_analyzer.py,duplicate_removal_analyzer.py,8,1,True,True,False,237,179,8058
root,organize.py_02.py,organize.py_02.py,1,0,False,False,False,29,19,1063
root,get_text_from_file-organizer.py,get_text_from_file-organizer.py,6,0,False,False,False,109,89,3326
root,tehSiTes_ultimate_cleanup.py,tehSiTes_ultimate_cleanup.py,14,1,False,False,False,558,421,24368
root,generate_removal_scripts.py,generate_removal_scripts.py,0,0,False,False,False,85,67,3679
root,test_setup_from_file-organizer.py,test_setup_from_file-organizer.py,5,0,True,False,False,140,116,4219
root,Run_Python_Cleanup.py,Run_Python_Cleanup.py,1,0,True,False,True,39,26,1290
root,organize_plan_proposal.py,organize_plan_proposal.py,6,1,True,False,False,303,239,13497
root,download_json_from_file-organizer.py,download_json_from_file-organizer.py,3,0,False,False,False,136,101,4781
root,DEEP_SCAN_ALL_CONTENT.py,DEEP_SCAN_ALL_CONTENT.py,12,1,True,False,False,470,359,17161
root,organize_files_from_utilities.py,organize_files_from_utilities.py,3,0,True,False,False,175,130,7454
root,CLEANUP_ROOT_DUPLICATES.py,CLEANUP_ROOT_DUPLICATES.py,8,1,True,False,True,190,137,6756
root,AGGRESSIVE_CLEANUP_EXECUTE.py,AGGRESSIVE_CLEANUP_EXECUTE.py,3,1,True,False,False,310,220,11160
root,organizer_from_video-downloader.py,organizer_from_video-downloader.py,2,0,False,True,False,45,33,1468
root,cleanup_duplicates.py,cleanup_duplicates.py,5,0,False,False,True,169,131,6170
root,organize_and_optimize.py,organize_and_optimize.py,12,1,True,True,False,645,507,20996
root,intelligent_deepdive_scanner.py,intelligent_deepdive_scanner.py,10,2,True,True,False,666,550,24952
root,final_cleanup_summary_1.py,final_cleanup_summary_1.py,2,0,True,False,False,254,166,8871
root,enhanced_duplicate_finder.py,enhanced_duplicate_finder.py,9,1,True,True,False,311,234,11611
root,organize_experiments.py,organize_experiments.py,3,1,True,False,True,195,147,7472
root,prepare-missing-song-folders.py,prepare-missing-song-folders.py,9,2,True,True,True,408,287,16633
root,printify-organize.py,printify-organize.py,7,0,True,False,False,217,165,7065
root,aggressive-python-cleanup.py,aggressive-python-cleanup.py,0,0,False,False,False,0,0,11417
root,dedupes_merge_diff_du.py,dedupes_merge_diff_du.py,2,0,False,False,False,363,276,13416
root,migrate_old_dirs.py,migrate_old_dirs.py,3,1,True,False,True,200,150,9797
root,scripty.py,scripty.py,23,0,True,True,False,516,413,16967
root,FINAL_POLISH_CLEANUP.py,FINAL_POLISH_CLEANUP.py,5,1,True,False,False,174,127,6981
root,diagnose.py,diagnose.py,18,1,False,False,False,263,193,7686
root,process_leonardo_from_file-organizer.py,process_leonardo_from_file-organizer.py,3,0,False,False,False,138,103,4881
root,function_scanner.py,function_scanner.py,8,1,True,False,False,192,138,7312
root,execute_comprehensive_cleanup.py,execute_comprehensive_cleanup.py,6,1,True,False,True,265,200,8900
root,home_cleanup.py,home_cleanup.py,9,1,False,False,False,239,173,9209
root,FIND_DUPLICATE_CONTENT.py,FIND_DUPLICATE_CONTENT.py,9,1,True,False,False,286,213,10510
root,multi_folder_content_search.py,multi_folder_content_search.py,8,1,True,False,False,299,218,13371
root,migrate_remaining.py,migrate_remaining.py,0,0,False,False,False,0,0,13298
root,organize_html_files.py,organize_html_files.py,9,1,False,False,False,219,156,9082
root,execute_improved_reorganization.py,execute_improved_reorganization.py,5,1,True,True,True,162,115,5586
root,categorized_archives.py,categorized_archives.py,4,0,False,False,False,200,164,6504
root,execute_reorganization.py,execute_reorganization.py,7,1,True,True,True,265,194,8949
root,tehSiTes_targeted_cleanup_from_file-utilities.py,tehSiTes_targeted_cleanup_from_file-utilities.py,10,1,False,False,False,401,324,17981
root,csv_analyzer.py,csv_analyzer.py,6,0,True,False,False,214,152,6739
root,cleanup_from_03_utilities.py,cleanup_from_03_utilities.py,4,0,False,False,False,123,86,3922
root,post_text_from_file-organizer.py,post_text_from_file-organizer.py,6,0,False,True,False,114,89,3623
root,organize_by_category.py,organize_by_category.py,5,0,True,True,True,181,128,5874
root,categorize_root_scripts.py,categorize_root_scripts.py,2,0,True,True,True,198,156,5633
root,Run_General_Cleanup.py,Run_General_Cleanup.py,1,0,True,False,True,39,26,1278
root,pyorganizerr.py,pyorganizerr.py,3,0,False,False,False,73,53,2358
root,AGGRESSIVE_DEDUPE.py,AGGRESSIVE_DEDUPE.py,5,1,True,False,False,200,129,7051
root,batch_csv_analyzer.py,batch_csv_analyzer.py,7,0,True,False,False,440,305,15443
root,STRUCTURAL_CLEANUP_MASTER.py,STRUCTURAL_CLEANUP_MASTER.py,5,1,True,False,False,242,169,8772
root,merge_and_cleanup.py,merge_and_cleanup.py,10,1,True,True,True,354,235,12841
root,convert_vid_from_file-organizer.py,convert_vid_from_file-organizer.py,35,1,False,False,False,2032,1619,62418
root,SMART_SUB_CATEGORIZE.py,SMART_SUB_CATEGORIZE.py,4,1,True,False,False,226,175,9255
root,robust_sort_and_dedupe_merged.py,robust_sort_and_dedupe_merged.py,0,0,False,False,False,0,0,22769
root,send_text_from_file-organizer.py,send_text_from_file-organizer.py,20,2,False,False,False,722,587,27539
root,merge_analysis_results.py,merge_analysis_results.py,7,1,True,True,False,249,196,10521
root,csv-html-sphinx-docs_generator.py,csv-html-sphinx-docs_generator.py,18,1,True,False,False,775,629,24819
root,sort_python_files_merged.py,sort_python_files_merged.py,0,0,False,False,False,0,0,14059
root,audio.py,audio.py,9,0,False,False,True,245,191,7514
root,remove_duplicates_downloads.py,remove_duplicates_downloads.py,2,0,False,False,True,188,154,7415
root,download_vid_from_file-organizer.py,download_vid_from_file-organizer.py,3,0,False,False,False,71,56,2580
root,find_duplicates_downloads.py,find_duplicates_downloads.py,2,0,False,False,False,155,126,5528
root,FINAL_INTELLIGENT_CATEGORIZE.py,FINAL_INTELLIGENT_CATEGORIZE.py,4,1,True,False,False,245,176,8962
root,convert_cursor_chats.py,convert_cursor_chats.py,4,0,True,False,False,170,119,5199
root,final_root_cleanup.py,final_root_cleanup.py,3,1,True,False,True,191,150,8538
root,organize (1)_1.py,organize (1)_1.py,1,0,False,False,False,29,19,1052
root,organize_from_utilities.py,organize_from_utilities.py,1,0,False,False,False,32,22,1119
root,create_search_interface.py,create_search_interface.py,1,0,False,True,False,290,255,9166
root,find_duplicate_scripts.py,find_duplicate_scripts.py,4,0,True,True,False,188,145,5857
root,final_use_case_structure.py,final_use_case_structure.py,2,0,True,False,False,154,119,5482
root,file_from_file-organizer.py,file_from_file-organizer.py,1,0,False,False,False,31,21,1095
root,get_instagram_from_file-organizer.py,get_instagram_from_file-organizer.py,19,0,False,False,False,745,589,22972
root,test_instagram_from_file-organizer.py,test_instagram_from_file-organizer.py,7,1,False,False,False,118,85,4349
root,multi_depth_scan_downloads.py,multi_depth_scan_downloads.py,2,0,False,False,False,201,163,7746
root,mp4-split-analyze-prompt.py,mp4-split-analyze-prompt.py,5,0,False,False,False,100,68,4348
root,parse_vid_from_file-organizer.py,parse_vid_from_file-organizer.py,13,0,False,False,False,1499,1114,52817
root,upwork_multi_feed_scraper.py,upwork_multi_feed_scraper.py,1,0,False,True,False,189,158,7751
root,sort_python_files.py,sort_python_files.py,10,1,True,False,False,331,248,13009
root,directory_merger_organizer.py,directory_merger_organizer.py,11,1,True,False,False,637,522,21260
root,organize_3.py,organize_3.py,1,0,False,False,False,31,21,1092
root,find_duplicates.py,find_duplicates.py,2,0,False,False,False,183,144,6992
root,organize_media.py,organize_media.py,3,0,False,False,False,129,90,4222
root,deep_structure_cleanup.py,deep_structure_cleanup.py,12,1,False,False,False,294,235,11800
root,organize_music_library 2.py,organize_music_library 2.py,3,0,False,False,False,52,38,1676
root,cleanups_1.py,cleanups_1.py,2,0,True,False,False,56,36,1958
root,organizer_2.py,organizer_2.py,14,3,True,False,False,318,255,10759
root,Targeted_Cleanup.py,Targeted_Cleanup.py,2,0,True,False,False,126,94,4244
root,intelligent_duplicate_resolver.py,intelligent_duplicate_resolver.py,16,2,True,True,False,476,369,17220
root,organize_files.py,organize_files.py,3,0,True,False,True,86,60,2655
root,gen_text_from_file-organizer.py,gen_text_from_file-organizer.py,4,0,False,False,False,109,74,3630
root,migrate_remaining_fixed.py,migrate_remaining_fixed.py,5,0,True,False,False,301,241,14493
root,other-simple.py,other-simple.py,7,0,False,False,True,250,204,7728
root,undo-collection-and-merge.py,undo-collection-and-merge.py,7,2,True,True,True,193,129,7744
root,analyze.py,analyze.py,7,0,False,False,False,259,211,9979
root,remove_duplicates.py,remove_duplicates.py,2,0,False,False,True,177,144,6642
root,SUB_CATEGORIZE_BIG_FOLDERS.py,SUB_CATEGORIZE_BIG_FOLDERS.py,6,1,True,False,False,254,178,9713
root,tehSiTes_deep_cleanup_from_ai-image-generator.py,tehSiTes_deep_cleanup_from_ai-image-generator.py,11,1,False,False,False,453,355,21035
root,execute_ultimate_reorganization.py,execute_ultimate_reorganization.py,8,1,True,True,True,283,205,9050
root,advanced-cleanup-analyzer.py,advanced-cleanup-analyzer.py,4,0,True,False,False,154,131,5017
audio_video_conversion,ocr_gpt_renamer.py,audio_video_conversion/ocr_gpt_renamer.py,12,0,True,True,False,433,336,13897
audio_video_conversion,script_cataloger.py,audio_video_conversion/script_cataloger.py,9,1,True,True,False,385,336,12105
audio_video_conversion,find_script.py,audio_video_conversion/find_script.py,10,1,True,False,False,282,224,10801
audio_video_conversion,test_setup.py,audio_video_conversion/test_setup.py,5,0,True,False,False,153,116,4173
audio_video_conversion,169-11.py,audio_video_conversion/169-11.py,2,0,True,False,False,45,21,1302
audio_video_conversion,adaptive_content_analyzer.py,audio_video_conversion/adaptive_content_analyzer.py,7,1,False,True,False,440,352,13100
audio_video_conversion,batch_upload.py,audio_video_conversion/batch_upload.py,4,0,True,False,False,64,49,2144
audio_video_conversion,deep_analysis_merge.py,audio_video_conversion/deep_analysis_merge.py,14,1,True,False,False,676,502,25384
audio_video_conversion,csv-download.py,audio_video_conversion/csv-download.py,2,0,False,False,False,35,21,990
audio_video_conversion,test_pylabtools.py,audio_video_conversion/test_pylabtools.py,20,2,False,False,False,277,207,7902
audio_video_conversion,python_repo_analyzer.py,audio_video_conversion/python_repo_analyzer.py,11,1,False,False,False,717,604,25908
audio_video_conversion,png-jpg.py,audio_video_conversion/png-jpg.py,2,0,True,False,False,46,26,1321
audio_video_conversion,audio_splitters.py,audio_video_conversion/audio_splitters.py,8,0,True,True,False,468,371,14406
audio_video_conversion,functional_category_analyzer.py,audio_video_conversion/functional_category_analyzer.py,12,1,True,False,False,1223,1104,45273
audio_video_conversion,pandocfilters.py,audio_video_conversion/pandocfilters.py,13,0,False,False,False,307,238,8997
audio_video_conversion,specific_functional_categorizer.py,audio_video_conversion/specific_functional_categorizer.py,4,1,True,False,False,481,433,20821
audio_video_conversion,macos_tts_generator.py,audio_video_conversion/macos_tts_generator.py,3,0,True,False,False,275,188,16107
audio_video_conversion,intelligent_analyzer_merger.py,audio_video_conversion/intelligent_analyzer_merger.py,22,1,True,False,False,688,522,25335
audio_video_conversion,adaptive_recategorizer.py,audio_video_conversion/adaptive_recategorizer.py,11,1,True,False,False,422,334,16182
audio_video_conversion,consolidate_scripts_1.py,audio_video_conversion/consolidate_scripts_1.py,11,1,True,True,False,1051,869,40881
audio_video_conversion,comprehensive_deep_analyzer.py,audio_video_conversion/comprehensive_deep_analyzer.py,13,1,True,False,False,886,717,29153
audio_video_conversion,audio_splitter.py,audio_video_conversion/audio_splitter.py,7,0,True,True,False,427,326,12866
audio_video_conversion,mp3_processor_2.py,audio_video_conversion/mp3_processor_2.py,1,0,False,False,False,106,82,4065
audio_video_conversion,setup_professional_repos_1.py,audio_video_conversion/setup_professional_repos_1.py,9,1,True,False,False,483,373,15090
audio_video_conversion,demo.py,audio_video_conversion/demo.py,2,0,False,False,False,97,77,3791
audio_video_conversion,ULTIMATE_FILE_MANAGER.py,audio_video_conversion/ULTIMATE_FILE_MANAGER.py,25,1,True,True,False,1040,826,38243
audio_video_conversion,zip_archive_analyzer.py,audio_video_conversion/zip_archive_analyzer.py,10,1,False,False,False,499,424,18774
audio_video_conversion,deep_zip_analyzer.py,audio_video_conversion/deep_zip_analyzer.py,12,1,False,False,False,640,518,24418
documentation,ai-docs-generator.py,documentation/ai-docs-generator.py,12,1,True,False,False,352,260,11786
documentation,csv-media-catalog-helper.py,documentation/csv-media-catalog-helper.py,5,0,False,False,False,67,49,1973
documentation,analyze_catalog_for_albums.py,documentation/analyze_catalog_for_albums.py,4,0,True,False,False,296,236,9111
documentation,generate-rename-docs.py,documentation/generate-rename-docs.py,7,1,False,False,False,333,273,10288
documentation,docs-reorganizer.py,documentation/docs-reorganizer.py,11,1,True,False,False,467,340,16286
documentation,generate-rich-docs.py,documentation/generate-rich-docs.py,7,1,False,False,False,840,698,31816
documentation,create-sphinx-docs.py,documentation/create-sphinx-docs.py,11,1,True,False,False,724,533,20050
documentation,DOCS_PYTHON_archives_1.py,documentation/DOCS_PYTHON_archives_1.py,1,0,False,False,False,36,25,1183
documentation,project-catalog-generator.py,documentation/project-catalog-generator.py,16,2,True,False,False,611,454,19327
documentation,merge-external-docs.py,documentation/merge-external-docs.py,10,1,True,False,False,358,248,11015
documentation,intelligent-docs-builder.py,documentation/intelligent-docs-builder.py,12,1,True,False,False,419,314,14446
documentation,quick_catalog_volumes.py,documentation/quick_catalog_volumes.py,1,0,False,False,False,227,182,6189
documentation,html-docs-generator.py,documentation/html-docs-generator.py,11,1,True,True,False,1137,906,34728
file_organization,rename_and_standardize.py,file_organization/rename_and_standardize.py,3,0,False,False,False,278,201,8707
file_organization,batch-volume-cleanup.py,file_organization/batch-volume-cleanup.py,6,1,True,False,True,262,198,8321
file_organization,organize_into_albums.py,file_organization/organize_into_albums.py,3,0,False,False,False,316,242,8804
file_organization,intelligent-renamer-1.py,file_organization/intelligent-renamer-1.py,19,3,True,True,True,1246,974,45273
file_organization,SMART_CLEANUP.py,file_organization/SMART_CLEANUP.py,1,0,False,False,False,305,233,8111
file_organization,instagram-bulk-renamer.py,file_organization/instagram-bulk-renamer.py,8,0,True,True,True,259,209,8368
file_organization,instagram-aggressive-renamer.py,file_organization/instagram-aggressive-renamer.py,10,1,True,False,False,431,316,15326
file_organization,REORGANIZE_SINGLES.py,file_organization/REORGANIZE_SINGLES.py,1,0,False,False,False,262,205,8255
file_organization,process_renames.py,file_organization/process_renames.py,2,0,False,False,False,99,70,3716
file_organization,REORGANIZE_SINGLES_FINAL.py,file_organization/REORGANIZE_SINGLES_FINAL.py,1,0,False,False,False,325,257,10610
file_organization,CLEANUP_LOVE_IN_IMPERFECTION.py,file_organization/CLEANUP_LOVE_IN_IMPERFECTION.py,1,0,False,False,False,178,142,6288
file_organization,universal_rename.py,file_organization/universal_rename.py,5,0,False,False,False,190,130,6063
file_organization,execute-smart-organization.py,file_organization/execute-smart-organization.py,7,1,True,False,False,338,278,13892
file_organization,instagram-directory-organizer.py,file_organization/instagram-directory-organizer.py,9,1,True,True,True,378,283,12620
file_organization,instagram-reorganize.py,file_organization/instagram-reorganize.py,6,1,True,False,True,406,338,15544
file_organization,cleanup2.py,file_organization/cleanup2.py,5,0,False,False,False,156,108,4994
file_organization,clean-folder-names-no-vols.py,file_organization/clean-folder-names-no-vols.py,8,2,True,True,True,331,250,11815
file_organization,smart_organize_with_metadata.py,file_organization/smart_organize_with_metadata.py,3,0,False,False,False,312,252,9622
file_organization,standardize_folders_and_cleanup.py,file_organization/standardize_folders_and_cleanup.py,4,0,True,False,False,202,158,6254
file_organization,cleanup_and_map_filenames.py,file_organization/cleanup_and_map_filenames.py,10,0,True,False,False,382,269,12443
file_organization,CLEANUP_LOVE_IN_IMPERFECTION_v2.py,file_organization/CLEANUP_LOVE_IN_IMPERFECTION_v2.py,1,0,False,False,False,238,188,9024
file_organization,cleanup_duplicates.py,file_organization/cleanup_duplicates.py,7,1,True,False,False,358,268,13253
file_organization,UNDO_CLEANUP.py,file_organization/UNDO_CLEANUP.py,1,0,False,False,False,120,85,3511
file_organization,flatten-all-album-structure.py,file_organization/flatten-all-album-structure.py,7,2,True,True,True,271,196,9056
file_organization,smart_rename_with_durations.py,file_organization/smart_rename_with_durations.py,4,0,False,False,False,266,195,8485
file_organization,telegram-file-bot.py,file_organization/telegram-file-bot.py,0,1,False,True,False,112,106,7771
file_organization,REORGANIZE_FOLDER.py,file_organization/REORGANIZE_FOLDER.py,2,0,False,False,False,261,191,9401
file_organization,analyze-file-migration.py,file_organization/analyze-file-migration.py,5,0,True,False,False,220,161,8050
file_organization,comprehensive_cleanup.py,file_organization/comprehensive_cleanup.py,9,2,True,True,False,344,264,11577
file_organization,thinketh-content-renamer-from-seo-optimizer.py,file_organization/thinketh-content-renamer-from-seo-optimizer.py,10,1,True,False,False,425,346,14114
file_organization,execute_cleanup.py,file_organization/execute_cleanup.py,4,0,True,False,False,167,116,4127
file_organization,PROCESS_BATCH_RENAMES.py,file_organization/PROCESS_BATCH_RENAMES.py,2,0,True,False,False,209,164,6148
file_organization,ORGANIZE_DEEP_FOLDERS.py,file_organization/ORGANIZE_DEEP_FOLDERS.py,6,0,False,False,False,269,200,8210
file_organization,execute_renames.py,file_organization/execute_renames.py,1,0,False,False,False,79,61,2207
file_organization,ORGANIZE_COMPLETE_SONGS.py,file_organization/ORGANIZE_COMPLETE_SONGS.py,1,0,False,False,False,163,120,4589
file_organization,CLEAN_FILENAMES.py,file_organization/CLEAN_FILENAMES.py,1,0,False,False,False,163,123,4136
file_organization,ORGANIZE_BY_ALBUM_STRUCTURE.py,file_organization/ORGANIZE_BY_ALBUM_STRUCTURE.py,1,0,False,False,False,197,160,5868
file_organization,gpt-script-categorizer.py,file_organization/gpt-script-categorizer.py,6,0,False,False,False,142,101,4701
file_organization,INTELLIGENT_FOLDER_CLEANUP.py,file_organization/INTELLIGENT_FOLDER_CLEANUP.py,3,0,False,False,False,456,371,14782
file_organization,reddit-content-scraper.py,file_organization/reddit-content-scraper.py,3,0,False,False,False,82,64,2479
file_organization,CLEANUP_NOCTURNE.py,file_organization/CLEANUP_NOCTURNE.py,1,0,False,False,False,265,207,7081
file_organization,batch-cleanup-analyzer.py,file_organization/batch-cleanup-analyzer.py,8,1,True,False,True,319,241,10541
file_organization,python-script-renamer.py,file_organization/python-script-renamer.py,14,1,True,True,True,484,357,17073
code_analysis,cross-directory-merger.py,code_analysis/cross-directory-merger.py,9,2,True,True,True,473,383,17221
code_analysis,summarize_review_files_by_category.py,code_analysis/summarize_review_files_by_category.py,2,0,False,False,False,49,34,1478
code_analysis,ffmpeg-installer.py,code_analysis/ffmpeg-installer.py,4,0,False,False,False,153,126,5555
code_analysis,master_metadata_applier.py,code_analysis/master_metadata_applier.py,8,2,True,True,False,305,225,10798
code_analysis,create_master_catalog.py,code_analysis/create_master_catalog.py,8,0,True,False,False,286,213,8771
code_analysis,review_true_duplicates.py,code_analysis/review_true_duplicates.py,3,0,False,False,False,166,127,5262
code_analysis,instagram-processor.py,code_analysis/instagram-processor.py,1,0,False,False,False,85,58,2219
code_analysis,consolidate-python-ecosystem.py,code_analysis/consolidate-python-ecosystem.py,8,2,True,True,True,300,237,11224
code_analysis,python-complexity-analyzer.py,code_analysis/python-complexity-analyzer.py,13,1,False,False,False,527,410,18489
code_analysis,context7_codebase_indexer.py,code_analysis/context7_codebase_indexer.py,17,1,True,False,False,476,376,17851
code_analysis,analyze_home_fast.py,code_analysis/analyze_home_fast.py,4,0,True,False,False,215,169,5960
code_analysis,python-lint-complexity.py,code_analysis/python-lint-complexity.py,3,0,False,False,False,58,37,1645
code_analysis,fix-bare-except-statements.py,code_analysis/fix-bare-except-statements.py,9,2,True,True,True,422,317,15126
code_analysis,deep-code.py,code_analysis/deep-code.py,24,6,True,True,False,910,727,33384
code_analysis,create_enhanced_master_catalog.py,code_analysis/create_enhanced_master_catalog.py,9,0,True,False,False,483,375,15775
code_analysis,consolidate_master.py,code_analysis/consolidate_master.py,10,0,True,False,False,345,279,12075
code_analysis,gdrive.py,code_analysis/gdrive.py,1,0,False,False,False,83,59,2251
code_analysis,ai-stability-code.py,code_analysis/ai-stability-code.py,22,7,True,True,False,1172,922,41848
code_analysis,rebuild_master_catalog.py,code_analysis/rebuild_master_catalog.py,2,0,True,False,False,114,84,3399
code_analysis,instagram-ecosystem-master.py,code_analysis/instagram-ecosystem-master.py,12,1,True,False,False,793,637,28299
code_analysis,podcast-studio.py,code_analysis/podcast-studio.py,11,1,True,False,False,453,334,15740
code_analysis,automated-fixer.py,code_analysis/automated-fixer.py,6,1,True,True,True,190,144,6733
code_analysis,intelligent-code-orchestrator.py,code_analysis/intelligent-code-orchestrator.py,10,1,False,False,False,605,486,21517
code_analysis,check-python.py,code_analysis/check-python.py,3,0,False,False,False,58,42,1702
streamlit_apps,cloud-services-aws-streamlit.py,streamlit_apps/cloud-services-aws-streamlit.py,14,2,False,False,False,541,458,19651
AUTOMATION_BOTS,bot_block.py,AUTOMATION_BOTS/bot_block.py,5,0,False,False,False,68,56,2042
AUTOMATION_BOTS,bot_checkpoint.py,AUTOMATION_BOTS/bot_checkpoint.py,6,1,False,False,False,65,51,1956
AUTOMATION_BOTS,instagram-sort.py,AUTOMATION_BOTS/instagram-sort.py,6,1,True,False,True,398,308,14057
CONTENT_AWARE_CATALOG,detect_code_quality_issues.py,CONTENT_AWARE_CATALOG/detect_code_quality_issues.py,10,0,True,False,False,381,295,14529
CONTENT_AWARE_CATALOG,create_actionable_recommendations_report.py,CONTENT_AWARE_CATALOG/create_actionable_recommendations_report.py,3,0,True,False,False,244,189,11131
CONTENT_AWARE_CATALOG,generate_optimization_suggestions.py,CONTENT_AWARE_CATALOG/generate_optimization_suggestions.py,4,0,True,False,False,245,184,10602
CONTENT_AWARE_CATALOG,catalog_all_pythons.py,CONTENT_AWARE_CATALOG/catalog_all_pythons.py,13,1,True,False,False,377,289,16043
CONTENT_AWARE_CATALOG,analyze_csv_patterns.py,CONTENT_AWARE_CATALOG/analyze_csv_patterns.py,3,0,True,False,False,274,199,12353
CONTENT_AWARE_CATALOG,identify_consolidation_opportunities.py,CONTENT_AWARE_CATALOG/identify_consolidation_opportunities.py,8,0,True,False,False,274,201,12014
CONTENT_AWARE_CATALOG,create_content_aware_organization.py,CONTENT_AWARE_CATALOG/create_content_aware_organization.py,2,0,True,False,False,170,119,6539
audio_generation,audio-normalize.py,audio_generation/audio-normalize.py,2,0,False,False,False,25,16,693
.history,DEEP ENV & VOLUMES CONTENT-AWARE ANALYZER_20251227061835.py,.history/DEEP ENV & VOLUMES CONTENT-AWARE ANALYZER_20251227061835.py,13,4,True,True,False,885,663,30015
.history,DEEP ENV & VOLUMES CONTENT-AWARE ANALYZER_20251227060645.py,.history/DEEP ENV & VOLUMES CONTENT-AWARE ANALYZER_20251227060645.py,13,4,True,True,False,795,575,28737
.history,gallery_build_20251125215920.py,simplegallery/.history/gallery_build_20251125215920.py,3,0,True,True,False,185,132,6692
.history,gallery_init_20250607203922.py,simplegallery/.history/gallery_init_20250607203922.py,6,0,True,True,False,293,220,9855
.history,gallery_init_20250607203929.py,simplegallery/.history/gallery_init_20250607203929.py,6,0,True,True,False,295,222,9920
.history,gallery_build_20251125220140.py,simplegallery/.history/gallery_build_20251125220140.py,3,0,True,True,False,185,132,6692
.history,gallery_init_20250505172832.py,simplegallery/.history/gallery_init_20250505172832.py,6,0,True,True,False,293,220,9820
.history,gallery_build_20251125214916.py,simplegallery/.history/gallery_build_20251125214916.py,3,0,True,True,False,178,128,6296
.history,gallery_build_20251125214645.py,simplegallery/.history/gallery_build_20251125214645.py,3,0,True,True,False,178,128,6296
.history,gallery_init_20250607203921.py,simplegallery/.history/gallery_init_20250607203921.py,6,0,True,True,False,294,221,9888
.history,gallery_init_20250607204003.py,simplegallery/.history/gallery_init_20250607204003.py,6,0,True,True,False,273,232,8872
.history,gallery_init_20250607203925.py,simplegallery/.history/gallery_init_20250607203925.py,0,0,False,False,False,0,0,9883
.history,gallery_build_20251125220049.py,simplegallery/.history/gallery_build_20251125220049.py,3,0,True,True,False,185,132,6692
.history,gallery_build_20251125220148.py,simplegallery/.history/gallery_build_20251125220148.py,3,0,True,True,False,181,129,6314
.history,gallery_build_20251125220531.py,simplegallery/.history/gallery_build_20251125220531.py,3,0,True,True,False,181,129,6314
content_creation,category_flake8_1.py,content_creation/category_flake8_1.py,2,0,False,False,False,32,22,881
simplegallery,create_lazy_dalle_html.py,simplegallery/create_lazy_dalle_html.py,0,0,False,True,False,378,316,13369
simplegallery,build.py,simplegallery/build.py,0,0,False,False,False,12,8,291
simplegallery,convert_dalle_to_lazy.py,simplegallery/convert_dalle_to_lazy.py,7,1,True,False,False,144,111,4917
simplegallery,gallery_upload.py,simplegallery/gallery_upload.py,2,0,True,True,False,108,81,3119
simplegallery,media.py,simplegallery/media.py,12,0,False,False,False,265,212,8441
simplegallery,__init__.py,simplegallery/__init__.py,0,0,False,False,False,1,0,0
simplegallery,gallery_init.py,simplegallery/gallery_init.py,6,0,True,True,False,277,236,9023
simplegallery,common.py,simplegallery/common.py,3,1,False,False,False,35,26,792
simplegallery,gallery_build.py,simplegallery/gallery_build.py,3,0,True,True,False,181,129,6314
simplegallery,common.py,simplegallery/2.1/simplegallery/common.py,3,1,False,False,False,35,26,792
utilities,test_set_name.py,utilities/test_set_name.py,2,1,False,False,False,22,17,595
AI_CONTENT,csv_analyzer.py,AI_CONTENT/csv_analyzer.py,6,0,True,False,False,214,152,6739
AI_CONTENT,batch_csv_analyzer.py,AI_CONTENT/batch_csv_analyzer.py,7,0,True,False,False,440,305,15443
AI_CONTENT,csv-html-sphinx-docs_generator.py,AI_CONTENT/csv-html-sphinx-docs_generator.py,18,1,True,False,False,775,629,24819
uploaders,displaypub.py,audio_video_conversion/uploaders/displaypub.py,6,2,False,False,False,156,116,5055
scraping,create_code_browser.py,audio_video_conversion/scraping/create_code_browser.py,21,1,True,True,False,1310,1081,39295
scraping,ultra_specific_categorizer.py,audio_video_conversion/scraping/ultra_specific_categorizer.py,6,1,True,False,False,211,150,9291
analyzers,batch_process.py,audio_video_conversion/analyzers/batch_process.py,1,0,True,False,False,77,54,2220
analyzers,synthesize_text.py,audio_video_conversion/analyzers/synthesize_text.py,14,2,True,False,False,284,205,9709
analyzers,fix_file_analysis.py,audio_video_conversion/analyzers/fix_file_analysis.py,4,0,False,False,False,231,159,8072
cleaners,vidgenUI.py,audio_video_conversion/cleaners/vidgenUI.py,8,1,False,True,False,137,110,4604
csv_tools,mydesign-csv-download.py,audio_video_conversion/csv_tools/mydesign-csv-download.py,1,0,False,False,False,77,48,2705
csv_tools,analyze_yt.py,audio_video_conversion/csv_tools/analyze_yt.py,3,0,False,True,False,155,130,5107
csv_tools,htmlouts.py,audio_video_conversion/csv_tools/htmlouts.py,3,0,True,False,False,112,91,3655
analysis,zip_archive_analyzer_from_backup-tool.py,audio_video_conversion/analysis/zip_archive_analyzer_from_backup-tool.py,10,1,False,False,False,357,284,16577
transcription,pipeline.py,audio_video_conversion/transcription/pipeline.py,7,2,False,False,False,189,160,6336
audio_editing,segments.py,audio_video_conversion/audio_editing/segments.py,4,0,False,False,False,71,59,1956
audio_editing,advanced_demo_generator.py,audio_video_conversion/audio_editing/advanced_demo_generator.py,20,1,True,False,False,495,380,21224
audio_editing,demo_emotional_generator.py,audio_video_conversion/audio_editing/demo_emotional_generator.py,7,1,True,False,False,246,172,9422
audio_editing,duplicate_quiz-time.py,audio_video_conversion/audio_editing/duplicate_quiz-time.py,3,0,False,False,False,120,82,4405
downloaders,content_aware_flatten.py,audio_video_conversion/downloaders/content_aware_flatten.py,5,0,False,False,False,226,169,8612
downloaders,docks.py,audio_video_conversion/downloaders/docks.py,4,0,False,False,False,115,93,3160
downloaders,server.py,audio_video_conversion/downloaders/server.py,11,1,False,False,False,169,123,5382
downloaders,flatten_directory.py,audio_video_conversion/downloaders/flatten_directory.py,5,0,False,False,False,186,135,6532
downloaders,oshelper.py,audio_video_conversion/downloaders/oshelper.py,17,0,False,False,False,125,87,3252
downloaders,processor_generator.py,audio_video_conversion/downloaders/processor_generator.py,23,3,False,False,False,195,148,5941
downloaders,complete_flatten.py,audio_video_conversion/downloaders/complete_flatten.py,5,0,False,False,False,188,136,6624
downloaders,flatten_all.py,audio_video_conversion/downloaders/flatten_all.py,3,0,False,False,False,131,87,4686
config_tools,final_duplicate_merge.py,audio_video_conversion/config_tools/final_duplicate_merge.py,3,1,True,False,True,167,92,5389
youtube,clean_user_python.py,audio_video_conversion/youtube/clean_user_python.py,7,0,False,False,False,246,179,8526
web_apps,auto_update_github_1.py,audio_video_conversion/web_apps/auto_update_github_1.py,13,1,True,True,False,587,389,15445
complex_tools,github_repo_manager.py,audio_video_conversion/complex_tools/github_repo_manager.py,17,1,True,False,False,1677,1045,48668
complex_tools,comprehensive_doc_generator_1.py,audio_video_conversion/complex_tools/comprehensive_doc_generator_1.py,18,1,True,False,False,959,597,26033
complex_tools,bulk_upload.py,audio_video_conversion/complex_tools/bulk_upload.py,15,1,False,False,True,569,448,23777
complex_tools,project_manager_1.py,audio_video_conversion/complex_tools/project_manager_1.py,9,1,True,False,False,496,353,15870
complex_tools,autodownloaderUI.py,audio_video_conversion/complex_tools/autodownloaderUI.py,34,1,False,True,False,378,312,14703
complex_tools,unified_generation.py,audio_video_conversion/complex_tools/unified_generation.py,15,1,True,True,False,543,445,20137
complex_tools,backup_system_1.py,audio_video_conversion/complex_tools/backup_system_1.py,7,1,True,True,False,545,444,18373
complex_tools,seo_domination_engine_v2.py,utilities/complex_tools/seo_domination_engine_v2.py,54,7,True,True,False,1450,1090,55993
uncategorized,cli.py,audio_video_conversion/uncategorized/cli.py,1,0,True,True,True,191,159,7624
uncategorized,main_5_1.py,audio_video_conversion/uncategorized/main_5_1.py,3,0,True,False,False,135,118,6802
api_clients,utils_03.py,audio_video_conversion/api_clients/utils_03.py,11,0,False,False,False,131,90,3604
api_clients,downloader.py,audio_video_conversion/api_clients/downloader.py,38,3,False,False,False,1548,1459,51894
api_clients,leonardo_motion_cli.py,audio_video_conversion/api_clients/leonardo_motion_cli.py,4,0,True,True,False,185,154,8269
api_clients,synthesize_vid.py,audio_video_conversion/api_clients/synthesize_vid.py,17,5,True,False,False,463,395,54600
api_clients,emotional_quiz_generator.py,audio_video_conversion/api_clients/emotional_quiz_generator.py,4,1,True,False,False,236,183,8451
api_clients,googleapi-upload.py,audio_video_conversion/api_clients/googleapi-upload.py,3,0,True,False,False,135,103,4888
tts,emotional_tts_generator.py,audio_video_conversion/tts/emotional_tts_generator.py,4,1,True,False,False,207,155,7444
small_tools,polly_main.py,audio_video_conversion/small_tools/polly_main.py,4,0,False,False,False,66,52,1806
small_tools,voices.py,audio_video_conversion/small_tools/voices.py,2,0,False,False,False,65,53,1855
audio_tools,split_audio.py,audio_video_conversion/audio_tools/split_audio.py,4,0,True,True,False,99,86,3977
audio_tools,create_simple_audiobook.py,audio_video_conversion/audio_tools/create_simple_audiobook.py,1,0,False,False,False,94,66,3217
audio_tools,audio_chunker.py,audio_video_conversion/audio_tools/audio_chunker.py,8,1,False,False,False,176,130,7530
audio_tools,generate_mp3s.py,audio_video_conversion/audio_tools/generate_mp3s.py,4,0,True,False,False,142,109,4636
audio_tools,combine_audiobook.py,audio_video_conversion/audio_tools/combine_audiobook.py,2,0,True,False,False,146,103,4885
web_automation,twitchClips.py,audio_video_conversion/web_automation/twitchClips.py,9,1,False,True,False,233,192,7392
automation,setup_social_media_automation_1.py,audio_video_conversion/automation/setup_social_media_automation_1.py,12,1,True,True,False,757,535,21938
generators,simple_demo.py,audio_video_conversion/generators/simple_demo.py,8,0,True,False,False,212,164,9513
generators,settings_02.py,audio_video_conversion/generators/settings_02.py,2,0,False,False,False,73,56,2535
generators,simple_backup_1.py,audio_video_conversion/generators/simple_backup_1.py,1,0,False,False,False,214,165,6535
generators,polly.py,audio_video_conversion/generators/polly.py,3,1,False,False,False,79,60,2953
generators,proc_text_1.py,audio_video_conversion/generators/proc_text_1.py,2,0,False,False,False,60,48,2118
generators,lazy.py,audio_video_conversion/generators/lazy.py,3,0,True,True,False,160,137,6953
generators,index_repo.py,audio_video_conversion/generators/index_repo.py,8,1,True,False,False,190,161,5146
video_tools,mp4-mp4_2.py,audio_video_conversion/video_tools/mp4-mp4_2.py,2,0,False,False,False,62,37,1833
tiktok,tiktok.py,audio_video_conversion/tiktok/tiktok.py,3,0,False,False,False,225,172,7291
audio_converters,audio_video_editors_twitch.py,audio_video_conversion/audio_converters/audio_video_editors_twitch.py,17,2,True,False,False,616,463,24151
audio_converters,mp3tomp4ximg_2.py,audio_video_conversion/audio_converters/mp3tomp4ximg_2.py,3,0,False,False,False,58,43,1781
audio_converters,audio_inventory.py,audio_video_conversion/audio_converters/audio_inventory.py,5,0,True,True,False,83,69,2866
audio_converters,demo_mp3_generator.py,audio_video_conversion/audio_converters/demo_mp3_generator.py,3,0,True,False,False,97,65,3180
video_editing,MetadataHandler.py,audio_video_conversion/video_editing/MetadataHandler.py,14,1,False,False,False,213,188,8447
video_editing,merged_7_files.py,audio_video_conversion/video_editing/merged_7_files.py,3,0,False,False,False,82,61,2889
video_editing,update_github_repo.py,audio_video_conversion/video_editing/update_github_repo.py,13,1,True,False,False,1007,677,31910
video_editing,ClipHandler.py,audio_video_conversion/video_editing/ClipHandler.py,8,1,False,False,False,194,175,8088
video_editing,ClipCompilationCreator.py,audio_video_conversion/video_editing/ClipCompilationCreator.py,7,1,False,False,False,156,133,6025
simplegallery2,gallery_upload.py,simplrgallery-code/simplegallery2/gallery_upload.py,2,0,True,True,False,108,81,3119
simplegallery2,media.py,simplrgallery-code/simplegallery2/media.py,12,0,False,False,False,265,212,8441
simplegallery2,__init__.py,simplrgallery-code/simplegallery2/__init__.py,0,0,False,False,False,1,0,0
simplegallery2,gallery_init.py,simplrgallery-code/simplegallery2/gallery_init.py,6,0,True,True,False,273,232,8872
simplegallery2,common.py,simplrgallery-code/simplegallery2/common.py,3,1,False,False,False,35,26,792
simplegallery2,gallery_build.py,simplrgallery-code/simplegallery2/gallery_build.py,3,0,True,True,False,168,123,5659
simplegallery1,gallery_upload.py,simplrgallery-code/simplegallery1/gallery_upload.py,2,0,True,True,False,108,81,3119
simplegallery1,create_gallery_example.py,simplrgallery-code/simplegallery1/create_gallery_example.py,3,0,True,False,False,135,103,4506
simplegallery1,media.py,simplrgallery-code/simplegallery1/media.py,12,0,False,False,False,265,212,8441
simplegallery1,enhanced_metadata.py,simplrgallery-code/simplegallery1/enhanced_metadata.py,54,1,False,False,False,605,455,22663
simplegallery1,simple_enhanced_build.py,simplrgallery-code/simplegallery1/simple_enhanced_build.py,3,0,True,True,False,104,79,3081
simplegallery1,ai_content_analyzer.py,simplrgallery-code/simplegallery1/ai_content_analyzer.py,36,1,False,False,False,616,433,24516
simplegallery1,__init__.py,simplrgallery-code/simplegallery1/__init__.py,0,0,False,False,False,1,0,0
simplegallery1,gallery_init.py,simplrgallery-code/simplegallery1/gallery_init.py,6,0,True,True,False,262,223,8456
simplegallery1,enhanced_gallery_build.py,simplrgallery-code/simplegallery1/enhanced_gallery_build.py,6,0,True,True,False,451,334,17246
simplegallery1,setup_enhanced.py,simplrgallery-code/simplegallery1/setup_enhanced.py,7,0,True,True,False,267,194,8366
simplegallery1,common.py,simplrgallery-code/simplegallery1/common.py,3,1,False,False,False,35,26,792
simplegallery1,gallery_build.py,simplrgallery-code/simplegallery1/gallery_build.py,3,0,True,True,False,168,123,5659
test,__init__.py,simplrgallery-code/simplegallery2/test/__init__.py,0,0,False,False,False,1,0,0
test,test_gallery_init.py,simplrgallery-code/simplegallery2/test/test_gallery_init.py,10,1,False,False,False,232,201,7835
test,test_gallery_upload.py,simplrgallery-code/simplegallery2/test/test_gallery_upload.py,8,1,False,False,False,172,130,5645
test,test_gallery_build.py,simplrgallery-code/simplegallery2/test/test_gallery_build.py,5,1,False,False,False,114,85,4117
test,helpers.py,simplrgallery-code/simplegallery2/test/helpers.py,3,0,False,False,False,76,65,2601
test,__init__.py,simplrgallery-code/simplegallery1/test/__init__.py,0,0,False,False,False,1,0,0
test,test_gallery_init.py,simplrgallery-code/simplegallery1/test/test_gallery_init.py,10,1,False,False,False,232,201,7835
test,test_gallery_upload.py,simplrgallery-code/simplegallery1/test/test_gallery_upload.py,8,1,False,False,False,172,130,5645
test,test_gallery_build.py,simplrgallery-code/simplegallery1/test/test_gallery_build.py,5,1,False,False,False,114,85,4117
test,helpers.py,simplrgallery-code/simplegallery1/test/helpers.py,3,0,False,False,False,76,65,2601
test,__init__.py,simplegallery/test/__init__.py,0,0,False,False,False,1,0,0
test,test_gallery_init.py,simplegallery/test/test_gallery_init.py,10,1,False,False,False,232,201,7835
test,test_gallery_upload.py,simplegallery/test/test_gallery_upload.py,8,1,False,False,False,172,130,5645
test,test_gallery_build.py,simplegallery/test/test_gallery_build.py,5,1,False,False,False,112,82,4178
test,helpers.py,simplegallery/test/helpers.py,3,0,False,False,False,76,65,2601
test,__init__.py,simplegallery/2.0/test/__init__.py,0,0,False,False,False,1,0,0
test,__init__.py,simplegallery/2.1/2.0/test/__init__.py,0,0,False,False,False,1,0,0
logic,base_gallery_logic.py,simplrgallery-code/simplegallery2/logic/base_gallery_logic.py,4,1,False,False,False,54,41,1937
logic,__init__.py,simplrgallery-code/simplegallery2/logic/__init__.py,0,0,False,False,False,1,0,0
logic,gallery_logic.py,simplrgallery-code/simplegallery2/logic/gallery_logic.py,2,0,False,False,False,55,48,2267
logic,__init__.py,simplrgallery-code/simplegallery2/test/logic/__init__.py,0,0,False,False,False,1,0,0
logic,test_gallery_logic.py,simplrgallery-code/simplegallery2/test/logic/test_gallery_logic.py,2,1,False,False,False,60,46,2339
logic,base_gallery_logic.py,simplrgallery-code/simplegallery1/logic/base_gallery_logic.py,4,1,False,False,False,54,41,1937
logic,__init__.py,simplrgallery-code/simplegallery1/logic/__init__.py,0,0,False,False,False,1,0,0
logic,gallery_logic.py,simplrgallery-code/simplegallery1/logic/gallery_logic.py,2,0,False,False,False,55,48,2267
logic,__init__.py,simplrgallery-code/simplegallery1/test/logic/__init__.py,0,0,False,False,False,1,0,0
logic,test_gallery_logic.py,simplrgallery-code/simplegallery1/test/logic/test_gallery_logic.py,2,1,False,False,False,60,46,2339
logic,base_gallery_logic.py,simplegallery/logic/base_gallery_logic.py,4,1,False,False,False,54,41,1937
logic,__init__.py,simplegallery/logic/__init__.py,0,0,False,False,False,1,0,0
logic,gallery_logic.py,simplegallery/logic/gallery_logic.py,2,0,False,False,False,55,48,2267
logic,__init__.py,simplegallery/test/logic/__init__.py,0,0,False,False,False,1,0,0
logic,test_gallery_logic.py,simplegallery/test/logic/test_gallery_logic.py,2,1,False,False,False,60,46,2339
logic,__init__.py,simplegallery/2.0/logic/__init__.py,0,0,False,False,False,1,0,0
logic,__init__.py,simplegallery/2.0/test/logic/__init__.py,0,0,False,False,False,1,0,0
logic,__init__.py,simplegallery/2.1/2.0/logic/__init__.py,0,0,False,False,False,1,0,0
logic,__init__.py,simplegallery/2.1/2.0/test/logic/__init__.py,0,0,False,False,False,1,0,0
logic,__init__.py,simplegallery/2.1/simplegallery/logic/__init__.py,0,0,False,False,False,1,0,0
upload,base_uploader.py,simplrgallery-code/simplegallery2/upload/base_uploader.py,2,1,False,False,False,21,18,713
upload,__init__.py,simplrgallery-code/simplegallery2/upload/__init__.py,0,0,False,False,False,1,0,0
upload,uploader_factory.py,simplrgallery-code/simplegallery2/upload/uploader_factory.py,1,0,False,False,False,22,18,777
upload,test_uploader_factory.py,simplrgallery-code/simplegallery2/test/upload/test_uploader_factory.py,1,1,False,False,False,19,13,645
upload,__init__.py,simplrgallery-code/simplegallery2/test/upload/__init__.py,0,0,False,False,False,1,0,0
upload,base_uploader.py,simplrgallery-code/simplegallery1/upload/base_uploader.py,2,1,False,False,False,21,18,713
upload,__init__.py,simplrgallery-code/simplegallery1/upload/__init__.py,0,0,False,False,False,1,0,0
upload,uploader_factory.py,simplrgallery-code/simplegallery1/upload/uploader_factory.py,1,0,False,False,False,22,18,777
upload,test_uploader_factory.py,simplrgallery-code/simplegallery1/test/upload/test_uploader_factory.py,1,1,False,False,False,19,13,645
upload,__init__.py,simplrgallery-code/simplegallery1/test/upload/__init__.py,0,0,False,False,False,1,0,0
upload,base_uploader.py,simplegallery/upload/base_uploader.py,2,1,False,False,False,21,18,713
upload,__init__.py,simplegallery/upload/__init__.py,0,0,False,False,False,1,0,0
upload,uploader_factory.py,simplegallery/upload/uploader_factory.py,1,0,False,False,False,22,18,777
upload,test_uploader_factory.py,simplegallery/test/upload/test_uploader_factory.py,1,1,False,False,False,19,13,645
upload,__init__.py,simplegallery/test/upload/__init__.py,0,0,False,False,False,1,0,0
upload,base_uploader.py,simplegallery/2.0/upload/base_uploader.py,2,1,False,False,False,21,18,713
upload,__init__.py,simplegallery/2.0/upload/__init__.py,0,0,False,False,False,1,0,0
upload,uploader_factory.py,simplegallery/2.0/upload/uploader_factory.py,1,0,False,False,False,22,18,777
upload,test_uploader_factory.py,simplegallery/2.0/test/upload/test_uploader_factory.py,1,1,False,False,False,19,13,645
upload,__init__.py,simplegallery/2.0/test/upload/__init__.py,0,0,False,False,False,1,0,0
upload,base_uploader.py,simplegallery/2.1/2.0/upload/base_uploader.py,2,1,False,False,False,21,18,713
upload,__init__.py,simplegallery/2.1/2.0/upload/__init__.py,0,0,False,False,False,1,0,0
upload,uploader_factory.py,simplegallery/2.1/2.0/upload/uploader_factory.py,1,0,False,False,False,22,18,777
upload,test_uploader_factory.py,simplegallery/2.1/2.0/test/upload/test_uploader_factory.py,1,1,False,False,False,19,13,645
upload,__init__.py,simplegallery/2.1/2.0/test/upload/__init__.py,0,0,False,False,False,1,0,0
upload,base_uploader.py,simplegallery/2.1/simplegallery/upload/base_uploader.py,2,1,False,False,False,21,18,713
upload,__init__.py,simplegallery/2.1/simplegallery/upload/__init__.py,0,0,False,False,False,1,0,0
upload,uploader_factory.py,simplegallery/2.1/simplegallery/upload/uploader_factory.py,1,0,False,False,False,22,18,777
variants,test_google_gallery_logic.py,simplrgallery-code/simplegallery2/test/logic/variants/test_google_gallery_logic.py,2,1,False,False,False,64,49,2377
variants,test_onedrive_gallery_logic.py,simplrgallery-code/simplegallery2/test/logic/variants/test_onedrive_gallery_logic.py,2,1,False,False,False,54,39,1986
variants,__init__.py,simplrgallery-code/simplegallery2/test/logic/variants/__init__.py,0,0,False,False,False,1,0,0
variants,test_file_gallery_logic.py,simplrgallery-code/simplegallery2/test/logic/variants/test_file_gallery_logic.py,2,1,False,False,False,121,93,4829
variants,__init__.py,simplrgallery-code/simplegallery2/test/upload/variants/__init__.py,0,0,False,False,False,1,0,0
variants,test_aws_uploader.py,simplrgallery-code/simplegallery2/test/upload/variants/test_aws_uploader.py,2,1,False,False,False,69,55,2138
variants,test_netlify_uploader.py,simplrgallery-code/simplegallery2/test/upload/variants/test_netlify_uploader.py,6,1,False,False,False,110,84,4062
variants,__init__.py,simplrgallery-code/simplegallery2/logic/variants/__init__.py,0,0,False,False,False,1,0,0
variants,google_gallery_logic.py,simplrgallery-code/simplegallery2/logic/variants/google_gallery_logic.py,3,1,False,False,False,102,77,3745
variants,onedrive_gallery_logic.py,simplrgallery-code/simplegallery2/logic/variants/onedrive_gallery_logic.py,3,1,False,False,False,102,77,3783
variants,files_gallery_logic.py,simplrgallery-code/simplegallery2/logic/variants/files_gallery_logic.py,5,1,False,False,False,152,113,5884
variants,netlify_uploader.py,simplrgallery-code/simplegallery2/upload/variants/netlify_uploader.py,13,3,False,False,False,248,192,8361
variants,__init__.py,simplrgallery-code/simplegallery2/upload/variants/__init__.py,0,0,False,False,False,1,0,0
variants,aws_uploader.py,simplrgallery-code/simplegallery2/upload/variants/aws_uploader.py,2,1,False,False,False,54,40,1748
variants,test_google_gallery_logic.py,simplrgallery-code/simplegallery1/test/logic/variants/test_google_gallery_logic.py,2,1,False,False,False,64,49,2377
variants,test_onedrive_gallery_logic.py,simplrgallery-code/simplegallery1/test/logic/variants/test_onedrive_gallery_logic.py,2,1,False,False,False,54,39,1986
variants,__init__.py,simplrgallery-code/simplegallery1/test/logic/variants/__init__.py,0,0,False,False,False,1,0,0
variants,test_file_gallery_logic.py,simplrgallery-code/simplegallery1/test/logic/variants/test_file_gallery_logic.py,2,1,False,False,False,121,93,4829
variants,__init__.py,simplrgallery-code/simplegallery1/test/upload/variants/__init__.py,0,0,False,False,False,1,0,0
variants,test_aws_uploader.py,simplrgallery-code/simplegallery1/test/upload/variants/test_aws_uploader.py,2,1,False,False,False,69,55,2138
variants,test_netlify_uploader.py,simplrgallery-code/simplegallery1/test/upload/variants/test_netlify_uploader.py,6,1,False,False,False,110,84,4062
variants,__init__.py,simplrgallery-code/simplegallery1/logic/variants/__init__.py,0,0,False,False,False,1,0,0
variants,google_gallery_logic.py,simplrgallery-code/simplegallery1/logic/variants/google_gallery_logic.py,3,1,False,False,False,102,77,3745
variants,onedrive_gallery_logic.py,simplrgallery-code/simplegallery1/logic/variants/onedrive_gallery_logic.py,3,1,False,False,False,102,77,3783
variants,files_gallery_logic.py,simplrgallery-code/simplegallery1/logic/variants/files_gallery_logic.py,5,1,False,False,False,152,113,5884
variants,netlify_uploader.py,simplrgallery-code/simplegallery1/upload/variants/netlify_uploader.py,13,3,False,False,False,248,192,8361
variants,__init__.py,simplrgallery-code/simplegallery1/upload/variants/__init__.py,0,0,False,False,False,1,0,0
variants,aws_uploader.py,simplrgallery-code/simplegallery1/upload/variants/aws_uploader.py,2,1,False,False,False,54,40,1748
variants,test_google_gallery_logic.py,simplegallery/test/logic/variants/test_google_gallery_logic.py,2,1,False,False,False,64,49,2377
variants,test_onedrive_gallery_logic.py,simplegallery/test/logic/variants/test_onedrive_gallery_logic.py,2,1,False,False,False,54,39,1986
variants,__init__.py,simplegallery/test/logic/variants/__init__.py,0,0,False,False,False,1,0,0
variants,test_file_gallery_logic.py,simplegallery/test/logic/variants/test_file_gallery_logic.py,2,1,False,False,False,121,93,4829
variants,__init__.py,simplegallery/test/upload/variants/__init__.py,0,0,False,False,False,1,0,0
variants,test_aws_uploader.py,simplegallery/test/upload/variants/test_aws_uploader.py,2,1,False,False,False,69,55,2138
variants,test_netlify_uploader.py,simplegallery/test/upload/variants/test_netlify_uploader.py,6,1,False,False,False,110,84,4062
variants,__init__.py,simplegallery/logic/variants/__init__.py,0,0,False,False,False,1,0,0
variants,google_gallery_logic.py,simplegallery/logic/variants/google_gallery_logic.py,3,1,False,False,False,105,80,3889
variants,onedrive_gallery_logic.py,simplegallery/logic/variants/onedrive_gallery_logic.py,3,1,False,False,False,105,80,3927
variants,files_gallery_logic.py,simplegallery/logic/variants/files_gallery_logic.py,5,1,False,False,False,153,114,5936
variants,__init__.py,simplegallery/2.0/test/logic/variants/__init__.py,0,0,False,False,False,1,0,0
variants,__init__.py,simplegallery/2.0/test/upload/variants/__init__.py,0,0,False,False,False,1,0,0
variants,__init__.py,simplegallery/2.0/logic/variants/__init__.py,0,0,False,False,False,1,0,0
variants,__init__.py,simplegallery/2.0/upload/variants/__init__.py,0,0,False,False,False,1,0,0
variants,__init__.py,simplegallery/2.1/2.0/test/logic/variants/__init__.py,0,0,False,False,False,1,0,0
variants,__init__.py,simplegallery/2.1/2.0/test/upload/variants/__init__.py,0,0,False,False,False,1,0,0
variants,__init__.py,simplegallery/2.1/2.0/logic/variants/__init__.py,0,0,False,False,False,1,0,0
variants,__init__.py,simplegallery/2.1/2.0/upload/variants/__init__.py,0,0,False,False,False,1,0,0
variants,__init__.py,simplegallery/2.1/simplegallery/logic/variants/__init__.py,0,0,False,False,False,1,0,0
variants,__init__.py,simplegallery/2.1/simplegallery/upload/variants/__init__.py,0,0,False,False,False,1,0,0
variants,netlify_uploader.py,simplegallery/upload/variants/netlify_uploader.py,13,3,False,False,False,250,192,8655
variants,__init__.py,simplegallery/upload/variants/__init__.py,0,0,False,False,False,1,0,0
variants,aws_uploader.py,simplegallery/upload/variants/aws_uploader.py,2,1,False,False,False,54,40,1748
LLM_Course_Engineers_Handbook_Cover,Introduction_to_Weight_Quantization.py,documentation/LLM_Course_Engineers_Handbook_Cover/Introduction_to_Weight_Quantization.py,5,0,False,False,False,395,209,9463
LLM_Course_Engineers_Handbook_Cover,Decoding_Strategies_in_Large_Language_Models.py,documentation/LLM_Course_Engineers_Handbook_Cover/Decoding_Strategies_in_Large_Language_Models.py,9,0,False,False,False,445,237,13176
LLM_Course_Engineers_Handbook_Cover,Fine_tune_a_Mistral_7b_model_with_DPO.py,documentation/LLM_Course_Engineers_Handbook_Cover/Fine_tune_a_Mistral_7b_model_with_DPO.py,1,0,False,False,False,227,132,4964
rag,self_query.py,documentation/LLM-Engineers-Handbook-main/llm_engineering/application/rag/self_query.py,1,1,False,False,False,52,38,1556
rag,reranking.py,documentation/LLM-Engineers-Handbook-main/llm_engineering/application/rag/reranking.py,2,1,False,False,False,33,22,1055
rag,query_expanison.py,documentation/LLM-Engineers-Handbook-main/llm_engineering/application/rag/query_expanison.py,1,1,False,False,False,55,41,1659
image_upscaling,upscalerr.py,2T-Xx-python/MEDIA_PROCESSING/image_upscaling/upscalerr.py,8,0,True,False,False,168,112,5931
image_upscaling,upscale-sub.py,2T-Xx-python/MEDIA_PROCESSING/image_upscaling/upscale-sub.py,2,0,True,False,False,72,42,2651
image_upscaling,improved_batch_upscaler_2_1.py,2T-Xx-python/MEDIA_PROCESSING/image_upscaling/improved_batch_upscaler_2_1.py,0,0,False,False,False,0,0,24117
image_upscaling,enhanced_9mbs.py,2T-Xx-python/MEDIA_PROCESSING/image_upscaling/enhanced_9mbs.py,6,0,True,False,False,259,186,10239
image_upscaling,simple_upscaler.py,2T-Xx-python/MEDIA_PROCESSING/image_upscaling/simple_upscaler.py,7,0,True,False,False,245,174,8427
image_upscaling,web_upscaler_v2.py,2T-Xx-python/MEDIA_PROCESSING/image_upscaling/web_upscaler_v2.py,4,0,True,False,False,316,240,9851
image_upscaling,upscaled.py,2T-Xx-python/MEDIA_PROCESSING/image_upscaling/upscaled.py,7,0,False,False,False,186,143,6169
core,image_utils.py,2T-Xx-python/MEDIA_PROCESSING/image_upscaling/core/image_utils.py,11,0,False,False,False,530,411,16200
core,config.py,2T-Xx-python/MEDIA_PROCESSING/image_upscaling/core/config.py,5,1,False,False,False,143,113,4545
core,cache.py,2T-Xx-python/MEDIA_PROCESSING/image_upscaling/core/cache.py,9,1,False,False,False,194,153,5111
core,__init__.py,2T-Xx-python/MEDIA_PROCESSING/image_upscaling/core/__init__.py,0,0,False,False,False,69,59,1442
core,exceptions.py,2T-Xx-python/MEDIA_PROCESSING/image_upscaling/core/exceptions.py,0,6,False,False,False,37,23,908
core,parallel.py,2T-Xx-python/MEDIA_PROCESSING/image_upscaling/core/parallel.py,2,0,False,False,False,98,74,3125
_archive_duplicates,auto_upscale.py,2T-Xx-python/MEDIA_PROCESSING/image_upscaling/_archive_duplicates/auto_upscale.py,7,0,False,False,False,251,176,8425
_archive_duplicates,upscale_system.py,2T-Xx-python/MEDIA_PROCESSING/image_upscaling/_archive_duplicates/upscale_system.py,9,0,True,False,False,306,219,10610
_archive_duplicates,upscale-dl.py,2T-Xx-python/MEDIA_PROCESSING/image_upscaling/_archive_duplicates/upscale-dl.py,0,0,False,False,False,106,81,3966
_archive_duplicates,processor_cli_from_upscaler.py,2T-Xx-python/MEDIA_PROCESSING/image_upscaling/_archive_duplicates/processor_cli_from_upscaler.py,2,0,True,False,False,69,43,2829
_archive_duplicates,upscale_file.py,2T-Xx-python/MEDIA_PROCESSING/image_upscaling/_archive_duplicates/upscale_file.py,0,0,False,False,False,79,55,3118
_archive_duplicates,upscale.py,2T-Xx-python/MEDIA_PROCESSING/image_upscaling/_archive_duplicates/upscale.py,1,0,False,False,False,57,31,2021
_archive_duplicates,batch_upscaler.py,2T-Xx-python/MEDIA_PROCESSING/image_upscaling/_archive_duplicates/batch_upscaler.py,10,0,True,False,False,323,230,10943
_archive_duplicates,upscale--.py,2T-Xx-python/MEDIA_PROCESSING/image_upscaling/_archive_duplicates/upscale--.py,1,0,False,False,False,55,31,2017
_archive_duplicates,web-png-upscale.py,2T-Xx-python/MEDIA_PROCESSING/image_upscaling/_archive_duplicates/web-png-upscale.py,1,0,False,False,False,44,29,2080
_archive_duplicates,imgupscale.py,2T-Xx-python/MEDIA_PROCESSING/image_upscaling/_archive_duplicates/imgupscale.py,2,0,True,False,False,77,51,3005
_archive_duplicates,loop-upscale.py,2T-Xx-python/MEDIA_PROCESSING/image_upscaling/_archive_duplicates/loop-upscale.py,0,0,False,False,False,68,51,2353
_archive_duplicates,batch_upscale.py,2T-Xx-python/MEDIA_PROCESSING/image_upscaling/_archive_duplicates/batch_upscale.py,5,0,False,False,False,199,136,6995
_archive_duplicates,upscale2.py,2T-Xx-python/MEDIA_PROCESSING/image_upscaling/_archive_duplicates/upscale2.py,2,0,False,False,False,85,51,2862
_archive_duplicates,upscale_with_sips.py,2T-Xx-python/MEDIA_PROCESSING/image_upscaling/_archive_duplicates/upscale_with_sips.py,7,0,True,False,False,268,187,9089
tests,test_image_utils.py,2T-Xx-python/MEDIA_PROCESSING/image_upscaling/tests/test_image_utils.py,8,3,False,False,False,89,66,2466
tests,__init__.py,2T-Xx-python/MEDIA_PROCESSING/image_upscaling/tests/__init__.py,0,0,False,False,False,5,3,49
tests,test_config.py,2T-Xx-python/MEDIA_PROCESSING/image_upscaling/tests/test_config.py,6,1,False,False,False,69,56,2045
bot_tools,intelligent_file_renamer.py,AUTOMATION_BOTS/bot_tools/intelligent_file_renamer.py,7,1,True,True,True,321,236,11842
bot_tools,main_6_1.py,AUTOMATION_BOTS/bot_tools/main_6_1.py,1,0,False,True,False,139,121,4925
bot_tools,run_02.py,AUTOMATION_BOTS/bot_tools/run_02.py,1,0,False,True,False,116,77,3222
bot_tools,song_analysis_generator.py,AUTOMATION_BOTS/bot_tools/song_analysis_generator.py,15,2,True,False,False,636,573,30175
bot_tools,comprehensive_directory_analyzer.py,AUTOMATION_BOTS/bot_tools/comprehensive_directory_analyzer.py,8,1,True,False,False,365,302,12486
bot_tools,hash_text_2.py,AUTOMATION_BOTS/bot_tools/hash_text_2.py,8,0,False,False,False,144,119,4882
bot_tools,NewUpload.py,AUTOMATION_BOTS/bot_tools/NewUpload.py,2,0,False,False,False,82,65,3101
bot_tools,intelligent_file_analysis.py,AUTOMATION_BOTS/bot_tools/intelligent_file_analysis.py,13,1,True,False,False,537,410,21324
bot_tools,setup_sphinx_docs_uv.py,AUTOMATION_BOTS/bot_tools/setup_sphinx_docs_uv.py,16,1,True,False,False,847,637,26434
bot_tools,intelligent_medium_automation.py,AUTOMATION_BOTS/bot_tools/intelligent_medium_automation.py,55,1,True,False,False,2064,1686,80023
bot_tools,groupby_2_1.py,AUTOMATION_BOTS/bot_tools/groupby_2_1.py,3,0,False,False,False,140,105,4338
bot_tools,integrate_business_ecosystems_1.py,AUTOMATION_BOTS/bot_tools/integrate_business_ecosystems_1.py,9,1,True,False,False,534,332,16717
bot_tools,poolmanager_1.py,AUTOMATION_BOTS/bot_tools/poolmanager_1.py,19,2,False,False,False,525,389,19847
bot_tools,eliminate_archives.py,AUTOMATION_BOTS/bot_tools/eliminate_archives.py,5,1,True,False,True,274,215,8660
bot_tools,promote_archived_projects.py,AUTOMATION_BOTS/bot_tools/promote_archived_projects.py,4,1,True,False,True,204,156,7545
web_scrapers,scraper.py,AUTOMATION_BOTS/web_scrapers/scraper.py,2,0,False,False,False,53,37,1365
web_scrapers,selenium-cookie-login.py,AUTOMATION_BOTS/web_scrapers/selenium-cookie-login.py,3,0,False,True,False,59,45,2050
web_scrapers,scrape_file.py,AUTOMATION_BOTS/web_scrapers/scrape_file.py,1,0,False,True,False,116,77,3218
youtube_bots,organize-youtube-root.py,AUTOMATION_BOTS/youtube_bots/organize-youtube-root.py,9,1,True,True,True,281,202,9988
youtube_bots,youtube_seo_optimizer.py,AUTOMATION_BOTS/youtube_bots/youtube_seo_optimizer.py,14,3,True,True,False,551,401,20623
app,readability.py,AUTOMATION_BOTS/reddit_bots/reddit-text-extract/app/readability.py,2,0,False,False,False,36,26,742
src,VideoEdit.py,AUTOMATION_BOTS/reddit_bots/reddit_video_maker/src/VideoEdit.py,3,1,False,False,False,72,53,2591
src,run.py,AUTOMATION_BOTS/reddit_bots/reddit_video_maker/src/run.py,1,0,True,True,False,97,56,3335
src,RedditScrape.py,AUTOMATION_BOTS/reddit_bots/reddit_video_maker/src/RedditScrape.py,2,1,False,False,False,88,50,3179
modules,configHandler.py,AUTOMATION_BOTS/twitch_bots/Twitch-Best-Of/modules/configHandler.py,23,0,False,False,False,347,283,8298
web_scraping,crawl.py,AUTOMATION_BOTS/web_scrapers/web_scraping/crawl.py,6,0,False,False,False,196,170,5989
web_scraping,automation-playwright-screenshot.py,AUTOMATION_BOTS/web_scrapers/web_scraping/automation-playwright-screenshot.py,1,0,False,True,False,57,36,2002
web_scraping,automation-selenium-content.py,AUTOMATION_BOTS/web_scrapers/web_scraping/automation-selenium-content.py,9,1,True,False,False,479,415,20282
web_scraping,scraping-download-intelligent.py,AUTOMATION_BOTS/web_scrapers/web_scraping/scraping-download-intelligent.py,8,1,True,True,True,373,273,13604
scrapers,scraper_cli.py,AUTOMATION_BOTS/web_scrapers/scrapers/scraper_cli.py,1,0,False,True,False,70,45,2248
scrapers,upwork_multi_feed_scraper.py,AUTOMATION_BOTS/web_scrapers/scrapers/upwork_multi_feed_scraper.py,1,0,False,True,False,227,194,8250
AutomatedYoutubeShorts,sub.py,AUTOMATION_BOTS/youtube_bots/AutomatedYoutubeShorts/sub.py,6,0,False,False,False,93,60,2618
YTube,ytcsv.py,AUTOMATION_BOTS/youtube_bots/YTube/ytcsv.py,2,0,False,False,False,37,23,936
youtube_part2,youtube-upload-file.py,AUTOMATION_BOTS/youtube_bots/youtube_part2/youtube-upload-file.py,5,0,False,True,False,123,86,7136
youtube_part2,youtube-ytubedlthumbs.py,AUTOMATION_BOTS/youtube_bots/youtube_part2/youtube-ytubedlthumbs.py,2,0,False,False,False,85,56,2741
youtube_part2,youtube-scraping-download.py,AUTOMATION_BOTS/youtube_bots/youtube_part2/youtube-scraping-download.py,2,0,False,False,False,95,70,2730
youtube_part2,youtube-upload.py,AUTOMATION_BOTS/youtube_bots/youtube_part2/youtube-upload.py,7,0,False,True,False,238,174,8063
youtube_part2,youtube-remove.py,AUTOMATION_BOTS/youtube_bots/youtube_part2/youtube-remove.py,2,0,True,False,False,102,75,2511
youtube_part2,youtube-title-case.py,AUTOMATION_BOTS/youtube_bots/youtube_part2/youtube-title-case.py,3,0,True,False,False,309,207,11071
youtube_part2,youtube-upload_api.py,AUTOMATION_BOTS/youtube_bots/youtube_part2/youtube-upload_api.py,3,0,False,False,False,147,108,4922
youtube_part2,youtube-web-scraping-download-main.py,AUTOMATION_BOTS/youtube_bots/youtube_part2/youtube-web-scraping-download-main.py,3,0,False,False,False,220,124,6977
youtube_part1,youtube-generate.py,AUTOMATION_BOTS/youtube_bots/youtube_part1/youtube-generate.py,1,0,False,False,False,143,102,4146
youtube_part1,youtube-browser.py,AUTOMATION_BOTS/youtube_bots/youtube_part1/youtube-browser.py,1,0,False,False,False,75,47,2245
youtube_part1,youtube-create-thumbnail.py,AUTOMATION_BOTS/youtube_bots/youtube_part1/youtube-create-thumbnail.py,3,0,False,False,False,67,47,1829
youtube_part1,youtube-VIEWBOT.py,AUTOMATION_BOTS/youtube_bots/youtube_part1/youtube-VIEWBOT.py,1,1,False,False,False,285,131,16141
youtube_part1,youtube-background.py,AUTOMATION_BOTS/youtube_bots/youtube_part1/youtube-background.py,3,0,False,False,False,56,41,1825
youtube_part1,ygpt-utils-textgenerator.py,AUTOMATION_BOTS/youtube_bots/youtube_part1/ygpt-utils-textgenerator.py,2,0,False,False,False,54,27,1358
youtube_part1,youtube-get-creation.py,AUTOMATION_BOTS/youtube_bots/youtube_part1/youtube-get-creation.py,9,0,False,False,True,241,193,7623
youtube_part1,youtube-downloadupload.py,AUTOMATION_BOTS/youtube_bots/youtube_part1/youtube-downloadupload.py,6,1,False,False,False,129,100,4365
youtube_part1,youtube-bot-1.py,AUTOMATION_BOTS/youtube_bots/youtube_part1/youtube-bot-1.py,4,0,False,True,False,190,147,5418
youtube_part1,youtube-downloadr-api.py,AUTOMATION_BOTS/youtube_bots/youtube_part1/youtube-downloadr-api.py,13,0,False,False,False,398,285,13950
Instagram-Bot,bot_filter.py,AUTOMATION_BOTS/social_media_automation/Instagram-Bot/bot_filter.py,10,0,False,False,False,294,243,9630
Instagram-Bot,ultimate.py,AUTOMATION_BOTS/social_media_automation/Instagram-Bot/ultimate.py,12,0,False,True,False,150,110,4883
Instagram-Bot,bot_follow.py,AUTOMATION_BOTS/social_media_automation/Instagram-Bot/bot_follow.py,6,0,False,False,False,182,162,7100
Instagram-Bot,bot.py,AUTOMATION_BOTS/social_media_automation/Instagram-Bot/bot.py,153,1,False,False,False,1025,814,32719
Instagram-Bot,ReportBot.py,AUTOMATION_BOTS/social_media_automation/Instagram-Bot/ReportBot.py,9,0,True,False,False,320,297,14739
social_media_part2,instagram-scan-leonardo-comprehensive.py,AUTOMATION_BOTS/social_media_automation/social_media_part2/instagram-scan-leonardo-comprehensive.py,7,1,False,False,False,285,223,9904
social_media_part2,openai-text-generator.py,AUTOMATION_BOTS/social_media_automation/social_media_part2/openai-text-generator.py,3,0,False,False,False,84,49,2536
social_media_part2,pydescribe.py,AUTOMATION_BOTS/social_media_automation/social_media_part2/pydescribe.py,5,0,False,False,False,141,98,4770
social_media_part2,validate-json-reader.py,AUTOMATION_BOTS/social_media_automation/social_media_part2/validate-json-reader.py,17,2,True,True,False,851,722,30272
social_media_part2,leonardo-cyberpunk-hacker-generator.py,AUTOMATION_BOTS/social_media_automation/social_media_part2/leonardo-cyberpunk-hacker-generator.py,1,0,False,False,False,142,83,4721
social_media_part2,parse-api.py,AUTOMATION_BOTS/social_media_automation/social_media_part2/parse-api.py,8,0,False,False,False,312,247,11627
social_media_part2,upload-api.py,AUTOMATION_BOTS/social_media_automation/social_media_part2/upload-api.py,6,0,False,False,False,191,136,6989
social_media_part2,reddit-to-html-formatter.py,AUTOMATION_BOTS/social_media_automation/social_media_part2/reddit-to-html-formatter.py,2,0,False,False,False,66,43,1798
social_media_part2,riddle.py,AUTOMATION_BOTS/social_media_automation/social_media_part2/riddle.py,4,0,False,False,False,143,106,4248
social_media_part2,uploader.py,AUTOMATION_BOTS/social_media_automation/social_media_part2/uploader.py,14,3,False,False,False,276,202,9740
social_media_part2,scanpythons.py,AUTOMATION_BOTS/social_media_automation/social_media_part2/scanpythons.py,4,0,False,False,False,111,78,3626
social_media_part2,subreddit.py,AUTOMATION_BOTS/social_media_automation/social_media_part2/subreddit.py,1,0,False,False,False,185,161,7298
social_media_part2,resize.py,AUTOMATION_BOTS/social_media_automation/social_media_part2/resize.py,7,0,True,False,False,305,219,10004
social_media_part2,process-remix.py,AUTOMATION_BOTS/social_media_automation/social_media_part2/process-remix.py,10,0,False,False,False,294,229,10376
social_media_part2,subredditsentiment-apps.py,AUTOMATION_BOTS/social_media_automation/social_media_part2/subredditsentiment-apps.py,1,0,False,False,False,107,67,3425
social_media_part2,leonardo-api.py,AUTOMATION_BOTS/social_media_automation/social_media_part2/leonardo-api.py,8,0,False,False,False,194,150,6622
social_media_part2,remove-background.py,AUTOMATION_BOTS/social_media_automation/social_media_part2/remove-background.py,4,0,False,False,False,128,97,4295
social_media_part2,leonardo-convert-json-writer.py,AUTOMATION_BOTS/social_media_automation/social_media_part2/leonardo-convert-json-writer.py,8,0,False,False,False,249,187,8123
social_media_part2,verify.py,AUTOMATION_BOTS/social_media_automation/social_media_part2/verify.py,9,1,True,True,False,307,223,9392
social_media_part2,openai-csv-metadata-filler.py,AUTOMATION_BOTS/social_media_automation/social_media_part2/openai-csv-metadata-filler.py,3,0,False,False,False,154,120,5071
social_media_part2,leonardo-loop-upscale.py,AUTOMATION_BOTS/social_media_automation/social_media_part2/leonardo-loop-upscale.py,1,0,False,False,False,115,81,3884
social_media_part2,printify-blueprint-downloader.py,AUTOMATION_BOTS/social_media_automation/social_media_part2/printify-blueprint-downloader.py,3,0,True,False,False,124,82,3850
social_media_part2,openai-song-lyrics-analyzer.py,AUTOMATION_BOTS/social_media_automation/social_media_part2/openai-song-lyrics-analyzer.py,2,0,False,False,False,86,57,2560
social_media_part2,named.py,AUTOMATION_BOTS/social_media_automation/social_media_part2/named.py,8,0,True,False,False,262,199,8556
social_media_part2,social-platforms-instagram-bot-error.py,AUTOMATION_BOTS/social_media_automation/social_media_part2/social-platforms-instagram-bot-error.py,18,0,False,True,False,703,507,21841
social_media_part2,leonardo-instagram-build.py,AUTOMATION_BOTS/social_media_automation/social_media_part2/leonardo-instagram-build.py,6,0,True,False,False,167,148,5667
social_media_part1,instagram-download.py,AUTOMATION_BOTS/social_media_automation/social_media_part1/instagram-download.py,10,1,True,False,False,504,439,17745
social_media_part1,cover.py,AUTOMATION_BOTS/social_media_automation/social_media_part1/cover.py,4,0,False,False,False,96,66,3046
social_media_part1,application-query-expanison.py,AUTOMATION_BOTS/social_media_automation/social_media_part1/application-query-expanison.py,2,1,False,False,False,91,68,2993
social_media_part1,instagram-ecosystem-insights.py,AUTOMATION_BOTS/social_media_automation/social_media_part1/instagram-ecosystem-insights.py,1,0,False,False,False,292,241,9802
social_media_part1,fancyname.py,AUTOMATION_BOTS/social_media_automation/social_media_part1/fancyname.py,4,0,True,False,False,152,97,4944
social_media_part1,identify-leonardo-user-scripts.py,AUTOMATION_BOTS/social_media_automation/social_media_part1/identify-leonardo-user-scripts.py,9,2,True,True,False,537,419,18058
social_media_part1,get-threads.py,AUTOMATION_BOTS/social_media_automation/social_media_part1/get-threads.py,2,0,False,False,False,82,61,2784
social_media_part1,classify.py,AUTOMATION_BOTS/social_media_automation/social_media_part1/classify.py,5,0,False,False,False,220,152,7404
social_media_part1,generatetexts-1.py,AUTOMATION_BOTS/social_media_automation/social_media_part1/generatetexts-1.py,3,0,False,False,False,84,60,2662
social_media_part1,instagram-root-scripts.py,AUTOMATION_BOTS/social_media_automation/social_media_part1/instagram-root-scripts.py,4,1,True,True,True,211,164,6759
social_media_part1,all.py,AUTOMATION_BOTS/social_media_automation/social_media_part1/all.py,12,0,False,False,False,273,220,8473
social_media_part1,ai-deep-analyzer.py,AUTOMATION_BOTS/social_media_automation/social_media_part1/ai-deep-analyzer.py,19,7,True,True,False,617,487,21288
social_media_part1,computer.py,AUTOMATION_BOTS/social_media_automation/social_media_part1/computer.py,8,6,False,True,False,456,374,16196
social_media_part1,ident.py,AUTOMATION_BOTS/social_media_automation/social_media_part1/ident.py,4,0,False,False,False,241,163,7716
social_media_part1,dalle-prompt.py,AUTOMATION_BOTS/social_media_automation/social_media_part1/dalle-prompt.py,4,0,False,False,False,149,91,4646
social_media_part1,instagram-dom-tree.py,AUTOMATION_BOTS/social_media_automation/social_media_part1/instagram-dom-tree.py,40,0,False,False,False,519,426,14476
social_media_part1,instagram-bot-comment.py,AUTOMATION_BOTS/social_media_automation/social_media_part1/instagram-bot-comment.py,5,0,False,True,False,236,172,7441
social_media_part1,instagram-bot-module.py,AUTOMATION_BOTS/social_media_automation/social_media_part1/instagram-bot-module.py,8,1,False,False,False,56,42,1762
social_media_part1,instagram-reportbot.py,AUTOMATION_BOTS/social_media_automation/social_media_part1/instagram-reportbot.py,1,0,False,True,False,112,78,2269
social_media_part1,AskReddit.py,AUTOMATION_BOTS/social_media_automation/social_media_part1/AskReddit.py,7,0,True,False,False,264,229,8199
social_media_part1,elevenlabs.py,AUTOMATION_BOTS/social_media_automation/social_media_part1/elevenlabs.py,4,1,False,False,False,94,70,2634
social_media_part1,instagram-openai-download.py,AUTOMATION_BOTS/social_media_automation/social_media_part1/instagram-openai-download.py,4,0,False,False,False,133,96,4654
social_media_part1,deepgram-test.py,AUTOMATION_BOTS/social_media_automation/social_media_part1/deepgram-test.py,4,0,True,False,False,112,70,3467
social_media_part1,instagram-eliminate.py,AUTOMATION_BOTS/social_media_automation/social_media_part1/instagram-eliminate.py,5,1,True,False,True,277,219,8985
social_media_part1,instagram-requirements.py,AUTOMATION_BOTS/social_media_automation/social_media_part1/instagram-requirements.py,6,0,True,True,False,326,254,8750
Automated Reddit to Youtube Bot,thumbnail.py,AUTOMATION_BOTS/social_media_automation/Instagram-Bot/Automated Reddit to Youtube Bot/thumbnail.py,4,2,False,False,False,209,155,4981
PrNdOwN,setup.py,AUTOMATION_BOTS/social_media_automation/Instagram-Bot/PrNdOwN/setup.py,9,2,False,False,False,199,126,4434
YouTube-Bot,yt.py,AUTOMATION_BOTS/social_media_automation/Instagram-Bot/YouTube-Bot/yt.py,6,0,False,False,False,129,99,3694
TikTok Server,filtercreator.py,AUTOMATION_BOTS/social_media_automation/Instagram-Bot/TikTok-Compilation-Video-Generator/TikTok Server/filtercreator.py,5,2,False,True,False,166,132,5830
TikTok Video Generator,vidGen.py,AUTOMATION_BOTS/social_media_automation/Instagram-Bot/TikTok-Compilation-Video-Generator/TikTok Video Generator/vidGen.py,5,0,False,False,False,240,166,8153
Automation_Tools,dispatch_1.py,CONTENT_AWARE_CATALOG/CONTENT_ORGANIZED/Automation_Tools/dispatch_1.py,2,0,False,False,False,34,22,733
Automation_Tools,readability.py,CONTENT_AWARE_CATALOG/CONTENT_ORGANIZED/Automation_Tools/readability.py,2,0,False,False,False,36,26,742
Automation_Tools,dispatch.py,CONTENT_AWARE_CATALOG/CONTENT_ORGANIZED/Automation_Tools/dispatch.py,2,0,False,False,False,34,22,733
Automation_Tools,readability_1.py,CONTENT_AWARE_CATALOG/CONTENT_ORGANIZED/Automation_Tools/readability_1.py,2,0,False,False,False,36,26,742
Data_Processing,files_io_1.py,CONTENT_AWARE_CATALOG/CONTENT_ORGANIZED/Data_Processing/files_io_1.py,2,1,False,False,False,32,25,979
Data_Processing,files_io.py,CONTENT_AWARE_CATALOG/CONTENT_ORGANIZED/Data_Processing/files_io.py,2,1,False,False,False,32,25,979
Content_Creation,category_flake8_1.py,CONTENT_AWARE_CATALOG/CONTENT_ORGANIZED/Content_Creation/category_flake8_1.py,2,0,False,False,False,32,22,881
Content_Creation,category_flake8_1_1.py,CONTENT_AWARE_CATALOG/CONTENT_ORGANIZED/Content_Creation/category_flake8_1_1.py,2,0,False,False,False,32,22,881
Utilities,test_set_name.py,CONTENT_AWARE_CATALOG/CONTENT_ORGANIZED/Utilities/test_set_name.py,2,1,False,False,False,22,17,595
Utilities,test_set_name_1.py,CONTENT_AWARE_CATALOG/CONTENT_ORGANIZED/Utilities/test_set_name_1.py,2,1,False,False,False,22,17,595
Media_Processing,exceptions_1.py,CONTENT_AWARE_CATALOG/CONTENT_ORGANIZED/Media_Processing/exceptions_1.py,0,6,False,False,False,37,23,908
Media_Processing,ytcsv.py,CONTENT_AWARE_CATALOG/CONTENT_ORGANIZED/Media_Processing/ytcsv.py,2,0,False,False,False,37,23,936
Media_Processing,csv-download.py,CONTENT_AWARE_CATALOG/CONTENT_ORGANIZED/Media_Processing/csv-download.py,2,0,False,False,False,35,21,990
Media_Processing,audio-normalize_1.py,CONTENT_AWARE_CATALOG/CONTENT_ORGANIZED/Media_Processing/audio-normalize_1.py,2,0,False,False,False,25,16,693
Media_Processing,__init__.py,CONTENT_AWARE_CATALOG/CONTENT_ORGANIZED/Media_Processing/__init__.py,0,0,False,False,False,5,3,49
Media_Processing,SendNotification_1.py,CONTENT_AWARE_CATALOG/CONTENT_ORGANIZED/Media_Processing/SendNotification_1.py,2,0,False,False,False,28,17,672
Media_Processing,ytcsv_1.py,CONTENT_AWARE_CATALOG/CONTENT_ORGANIZED/Media_Processing/ytcsv_1.py,2,0,False,False,False,37,23,936
Media_Processing,audio-normalize.py,CONTENT_AWARE_CATALOG/CONTENT_ORGANIZED/Media_Processing/audio-normalize.py,2,0,False,False,False,25,16,693
Media_Processing,csv-download_1.py,CONTENT_AWARE_CATALOG/CONTENT_ORGANIZED/Media_Processing/csv-download_1.py,2,0,False,False,False,35,21,990
Media_Processing,__init___1.py,CONTENT_AWARE_CATALOG/CONTENT_ORGANIZED/Media_Processing/__init___1.py,0,0,False,False,False,5,3,49
Media_Processing,exceptions.py,CONTENT_AWARE_CATALOG/CONTENT_ORGANIZED/Media_Processing/exceptions.py,0,6,False,False,False,37,23,908
Media_Processing,SendNotification.py,CONTENT_AWARE_CATALOG/CONTENT_ORGANIZED/Media_Processing/SendNotification.py,2,0,False,False,False,28,17,672
General_Python,tclass_1.py,CONTENT_AWARE_CATALOG/CONTENT_ORGANIZED/General_Python/tclass_1.py,2,1,False,False,False,37,21,910
General_Python,streamlit_test.py,CONTENT_AWARE_CATALOG/CONTENT_ORGANIZED/General_Python/streamlit_test.py,2,0,False,False,False,28,21,822
General_Python,simpleerr.py,CONTENT_AWARE_CATALOG/CONTENT_ORGANIZED/General_Python/simpleerr.py,3,0,False,False,False,38,27,601
General_Python,tclass.py,CONTENT_AWARE_CATALOG/CONTENT_ORGANIZED/General_Python/tclass.py,2,1,False,False,False,37,21,910
General_Python,generics_1.py,CONTENT_AWARE_CATALOG/CONTENT_ORGANIZED/General_Python/generics_1.py,2,0,False,False,False,29,21,688
General_Python,installed_1.py,CONTENT_AWARE_CATALOG/CONTENT_ORGANIZED/General_Python/installed_1.py,3,1,False,False,False,29,21,811
General_Python,installed.py,CONTENT_AWARE_CATALOG/CONTENT_ORGANIZED/General_Python/installed.py,3,1,False,False,False,29,21,811
General_Python,generics.py,CONTENT_AWARE_CATALOG/CONTENT_ORGANIZED/General_Python/generics.py,2,0,False,False,False,29,21,688
General_Python,streamlit_test_1.py,CONTENT_AWARE_CATALOG/CONTENT_ORGANIZED/General_Python/streamlit_test_1.py,2,0,False,False,False,28,21,822
General_Python,simpleerr_1.py,CONTENT_AWARE_CATALOG/CONTENT_ORGANIZED/General_Python/simpleerr_1.py,3,0,False,False,False,38,27,601
FileOps,readability.py,CONTENT_AWARE_CATALOG/CONTENT_ORGANIZED/TAG_BASED/FileOps/readability.py,2,0,False,False,False,36,26,742
FileOps,files_io.py,CONTENT_AWARE_CATALOG/CONTENT_ORGANIZED/TAG_BASED/FileOps/files_io.py,2,1,False,False,False,32,25,979
FileOps,ytcsv.py,CONTENT_AWARE_CATALOG/CONTENT_ORGANIZED/TAG_BASED/FileOps/ytcsv.py,2,0,False,False,False,37,23,936
FileOps,category_flake8_1.py,CONTENT_AWARE_CATALOG/CONTENT_ORGANIZED/TAG_BASED/FileOps/category_flake8_1.py,2,0,False,False,False,32,22,881
FileOps,csv-download.py,CONTENT_AWARE_CATALOG/CONTENT_ORGANIZED/TAG_BASED/FileOps/csv-download.py,2,0,False,False,False,35,21,990
Web,readability.py,CONTENT_AWARE_CATALOG/CONTENT_ORGANIZED/TAG_BASED/Web/readability.py,2,0,False,False,False,36,26,742
Web,csv-download.py,CONTENT_AWARE_CATALOG/CONTENT_ORGANIZED/TAG_BASED/Web/csv-download.py,2,0,False,False,False,35,21,990
Web,dispatch.py,CONTENT_AWARE_CATALOG/CONTENT_ORGANIZED/TAG_BASED/Web/dispatch.py,2,0,False,False,False,34,22,733
AI_ML,streamlit_test.py,CONTENT_AWARE_CATALOG/CONTENT_ORGANIZED/TAG_BASED/AI_ML/streamlit_test.py,2,0,False,False,False,28,21,822
Runnable,simpleerr.py,CONTENT_AWARE_CATALOG/CONTENT_ORGANIZED/TAG_BASED/Runnable/simpleerr.py,3,0,False,False,False,38,27,601
Runnable,category_flake8_1.py,CONTENT_AWARE_CATALOG/CONTENT_ORGANIZED/TAG_BASED/Runnable/category_flake8_1.py,2,0,False,False,False,32,22,881
Requests,readability.py,CONTENT_AWARE_CATALOG/CONTENT_ORGANIZED/TAG_BASED/Requests/readability.py,2,0,False,False,False,36,26,742
Requests,csv-download.py,CONTENT_AWARE_CATALOG/CONTENT_ORGANIZED/TAG_BASED/Requests/csv-download.py,2,0,False,False,False,35,21,990
Requests,dispatch.py,CONTENT_AWARE_CATALOG/CONTENT_ORGANIZED/TAG_BASED/Requests/dispatch.py,2,0,False,False,False,34,22,733
Anthropic,streamlit_test.py,CONTENT_AWARE_CATALOG/CONTENT_ORGANIZED/TAG_BASED/Anthropic/streamlit_test.py,2,0,False,False,False,28,21,822
Data,readability.py,CONTENT_AWARE_CATALOG/CONTENT_ORGANIZED/TAG_BASED/Data/readability.py,2,0,False,False,False,36,26,742
Data,files_io.py,CONTENT_AWARE_CATALOG/CONTENT_ORGANIZED/TAG_BASED/Data/files_io.py,2,1,False,False,False,32,25,979
Data,ytcsv.py,CONTENT_AWARE_CATALOG/CONTENT_ORGANIZED/TAG_BASED/Data/ytcsv.py,2,0,False,False,False,37,23,936
Data,csv-download.py,CONTENT_AWARE_CATALOG/CONTENT_ORGANIZED/TAG_BASED/Data/csv-download.py,2,0,False,False,False,35,21,990
Data,test_set_name.py,CONTENT_AWARE_CATALOG/CONTENT_ORGANIZED/TAG_BASED/Data/test_set_name.py,2,1,False,False,False,22,17,595
Pandas,csv-download.py,CONTENT_AWARE_CATALOG/CONTENT_ORGANIZED/TAG_BASED/Pandas/csv-download.py,2,0,False,False,False,35,21,990
Pandas,test_set_name.py,CONTENT_AWARE_CATALOG/CONTENT_ORGANIZED/TAG_BASED/Pandas/test_set_name.py,2,1,False,False,False,22,17,595
Media,readability.py,CONTENT_AWARE_CATALOG/CONTENT_ORGANIZED/TAG_BASED/Media/readability.py,2,0,False,False,False,36,26,742
Media,ytcsv.py,CONTENT_AWARE_CATALOG/CONTENT_ORGANIZED/TAG_BASED/Media/ytcsv.py,2,0,False,False,False,37,23,936
Media,csv-download.py,CONTENT_AWARE_CATALOG/CONTENT_ORGANIZED/TAG_BASED/Media/csv-download.py,2,0,False,False,False,35,21,990
Media,audio-normalize.py,CONTENT_AWARE_CATALOG/CONTENT_ORGANIZED/TAG_BASED/Media/audio-normalize.py,2,0,False,False,False,25,16,693
Media,__init___1.py,CONTENT_AWARE_CATALOG/CONTENT_ORGANIZED/TAG_BASED/Media/__init___1.py,0,0,False,False,False,5,3,49
Media,exceptions.py,CONTENT_AWARE_CATALOG/CONTENT_ORGANIZED/TAG_BASED/Media/exceptions.py,0,6,False,False,False,37,23,908
Media,SendNotification.py,CONTENT_AWARE_CATALOG/CONTENT_ORGANIZED/TAG_BASED/Media/SendNotification.py,2,0,False,False,False,28,17,672
Claude Convo Search,search_conversations.py,Apify__1M_Challenge_Research__Complete/Claude Convo Search/search_conversations.py,3,0,True,False,False,191,148,6125
Claude Convo Search,get_stats.py,Apify__1M_Challenge_Research__Complete/Claude Convo Search/get_stats.py,1,0,False,False,False,97,78,3443
Claude Convo Search,search_by_date.py,Apify__1M_Challenge_Research__Complete/Claude Convo Search/search_by_date.py,4,0,True,False,False,180,137,5410
Claude Convo Search,search_conversations_v2.py,Apify__1M_Challenge_Research__Complete/Claude Convo Search/search_conversations_v2.py,10,0,True,False,False,336,240,10586
2.0,build.py,simplegallery/2.0/build.py,0,0,False,False,False,12,8,291
2.0,create_gallery_example.py,simplegallery/2.0/create_gallery_example.py,3,0,True,False,False,135,103,4506
2.0,enhanced_metadata.py,simplegallery/2.0/enhanced_metadata.py,54,1,False,False,False,605,455,22663
2.0,simple_enhanced_build.py,simplegallery/2.0/simple_enhanced_build.py,3,0,True,True,False,104,79,3081
2.0,ai_content_analyzer.py,simplegallery/2.0/ai_content_analyzer.py,36,1,False,False,False,616,433,24516
2.0,__init__.py,simplegallery/2.0/__init__.py,0,0,False,False,False,1,0,0
2.0,enhanced_gallery_build.py,simplegallery/2.0/enhanced_gallery_build.py,6,0,True,True,False,457,338,17448
2.0,setup_enhanced.py,simplegallery/2.0/setup_enhanced.py,7,0,True,True,False,267,194,8366
2.0,common.py,simplegallery/2.0/common.py,3,1,False,False,False,35,26,792
2.0,build.py,simplegallery/2.1/2.0/build.py,0,0,False,False,False,12,8,291
2.0,__init__.py,simplegallery/2.1/2.0/__init__.py,0,0,False,False,False,1,0,0
2.0,common.py,simplegallery/2.1/2.0/common.py,3,1,False,False,False,35,26,792
2.0,gallery_build_20251125214920.py,simplegallery/.history/2.0/gallery_build_20251125214920.py,3,0,True,True,False,178,128,6296
2.0,gallery_build_20251125220155.py,simplegallery/.history/2.0/gallery_build_20251125220155.py,3,0,True,True,False,181,129,6314
2.0,gallery_build_20251125220140.py,simplegallery/.history/2.0/gallery_build_20251125220140.py,3,0,True,True,False,185,132,6692
2.0,enhanced_gallery_build_20251125213843.py,simplegallery/.history/2.0/enhanced_gallery_build_20251125213843.py,6,0,True,True,False,456,337,17384
2.0,gallery_build_20251125214710.py,simplegallery/.history/2.0/gallery_build_20251125214710.py,3,0,True,True,False,178,128,6296
2.0,enhanced_gallery_build_20251125214025.py,simplegallery/.history/2.0/enhanced_gallery_build_20251125214025.py,6,0,True,True,False,451,334,17246
2.0,gallery_build_20251125215926.py,simplegallery/.history/2.0/gallery_build_20251125215926.py,3,0,True,True,False,185,132,6692
2.0,gallery_build_20251125220049.py,simplegallery/.history/2.0/gallery_build_20251125220049.py,3,0,True,True,False,185,132,6692
2.0,gallery_build_20251125220531.py,simplegallery/.history/2.0/gallery_build_20251125220531.py,3,0,True,True,False,181,129,6314
2.1,config_validator.py,simplegallery/2.1/config_validator.py,3,1,False,True,False,116,88,4093
2.1,__init__.py,simplegallery/2.1/__init__.py,0,0,False,False,False,9,6,149
2.1,logger.py,simplegallery/2.1/logger.py,9,2,False,False,False,99,72,2730
2.1,gallery_init.py,simplegallery/2.1/gallery_init.py,10,1,True,True,False,281,223,8877
2.1,large_gallery_build.py,simplegallery/2.1/large_gallery_build.py,11,1,True,True,False,401,308,13982
2.1,performance.py,simplegallery/2.1/performance.py,11,2,False,False,False,158,125,4957
2.1,gallery_build.py,simplegallery/2.1/gallery_build.py,9,2,True,True,True,344,260,12429
twitter,SendNotification.py,utilities/twitter/SendNotification.py,2,0,False,False,False,28,17,672
instagram,installed.py,utilities/instagram/installed.py,3,1,False,False,False,29,21,811
text_generation,dispatch.py,AI_CONTENT/text_generation/dispatch.py,2,0,False,False,False,34,22,733
claude_tools,streamlit_test.py,AI_CONTENT/claude_tools/streamlit_test.py,2,0,False,False,False,28,21,822
ai_tools,files_io.py,AI_CONTENT/ai_tools/files_io.py,2,1,False,False,False,32,25,979
ai_tools,simpleerr.py,AI_CONTENT/ai_tools/simpleerr.py,3,0,False,False,False,38,27,601
ai_tools,tclass.py,AI_CONTENT/ai_tools/tclass.py,2,1,False,False,False,37,21,910
ai_tools,generics.py,AI_CONTENT/ai_tools/generics.py,2,0,False,False,False,29,21,688
