current_name,suggested_name,action,category,description,original_issue,suggestion_reason,apis_used,lines,size_kb
AI_ORCHESTRATOR_ULTIMATE.py,multi-llm-orchestrator.py,RENAME,AI Tools,🚀 ULTIMATE AI ORCHESTRATOR - Multi-Model Intelligent System,ALL_CAPS naming - should use lowercase,Converted ALL_CAPS to meaningful lowercase,"OpenAI, Anthropic, Gemini, Groq",514,16.5341796875
UNIFIED_CONTENT_ORCHESTRATOR.py,content-orchestrator.py,RENAME,AI Tools,🎭 UNIFIED CONTENT ORCHESTRATOR,ALL_CAPS naming - should use lowercase,Converted ALL_CAPS to meaningful lowercase,"OpenAI, Anthropic, Groq",711,23.59765625
analyze-json-writer.py,write-json-writer.py,RENAME,AI Tools,Complete Cleanup Orchestrator,Generic 'analyze-' prefix doesn't say what it analyzes,Writes json-writer data,Streamlit,202,6.5673828125
gmupload.py,gmupload.py,RENAME,Audio Generation,This is used for uploading downloaded track to google play music,ALL_CAPS naming - should use lowercase,Converted from ALL_CAPS: gmupload,Streamlit,108,3.1640625
instagram-whisper.py,instagram-whisper-captions.py,RENAME,Audio Generation,No description found,Missing documentation - unclear purpose,Adds captions using Whisper,"Streamlit, Pandas",70,1.67578125
instagram-whispertext-combine.py,instagram-whisper-captions.py,RENAME,Audio Generation,No description found,Missing documentation - unclear purpose,Adds captions using Whisper,"Streamlit, Pandas",81,2.0537109375
instagram-whispertext.py,instagram-whisper-captions.py,RENAME,Audio Generation,No description found,Missing documentation - unclear purpose,Adds captions using Whisper,"Streamlit, Pandas",81,2.0595703125
multi.py,multi.py,RENAME,Audio Generation,"Multi-API TTS Generator for ""As a Man Thinketh""",ALL_CAPS naming - should use lowercase,Converted from ALL_CAPS: multi,"OpenAI, Anthropic, Groq, Streamlit",626,28.86328125
scripty.py,scripty.py,RENAME,Audio Generation,scripty_tts_unified_v2.py,ALL_CAPS naming - should use lowercase,Converted from ALL_CAPS: scripty,"OpenAI, pydub, Requests",511,16.576171875
services.py,services.py,RENAME,Audio Generation,"audio_down function. str_get_current_date = get_current_date() s3.download_file( s3_name, str_get_current_date + ""/"" + audio_book_topic + ""."" + aws_filename, filename_to_save_local,",ALL_CAPS naming - should use lowercase,Converted from ALL_CAPS: services,None,70,1.7744140625
speech.py,speech.py,RENAME,Audio Generation,"generate_speech function. response = client.audio.speech.create( model=""tts-1"", voice=""shimmer"", input=text, ssml=True  # Enable SSML processing ) response.stream_to_file(file_path)",ALL_CAPS naming - should use lowercase,Converted from ALL_CAPS: speech,OpenAI,41,1.21875
synthesize.py,synthesize.py,RENAME,Audio Generation,As a Man Thinketh - Text to Speech System (Real Content),ALL_CAPS naming - should use lowercase,Converted from ALL_CAPS: synthesize,"ElevenLabs, AssemblyAI, Deepgram, Streamlit, Requests",474,53.783203125
voices.py,voices.py,RENAME,Audio Generation,Saves Text to MP3 files. Args: reddit_obj : The reddit object you received from the reddit API in the askreddit.py file.,ALL_CAPS naming - should use lowercase,Converted from ALL_CAPS: voices,None,35,1.2646484375
webm.py,webm.py,RENAME,Audio Generation,Converts all .webm files in the specified directory to .mp3 format. Args: directory_path (str): The path to the directory containing .webm files.,ALL_CAPS naming - should use lowercase,Converted from ALL_CAPS: webm,None,52,1.5595703125
analyze-code-complexity.py,python-complexity-analyzer.py,RENAME,Code Analysis,No description found,Generic 'analyze-' prefix doesn't say what it analyzes,Analyzes Python code complexity,Streamlit,520,17.8984375
analyze-files-comprehensive.py,master-file-analyzer.py,RENAME,Code Analysis,MASTER COMPREHENSIVE ANALYZER,Generic 'analyze-' prefix doesn't say what it analyzes,Master file analysis orchestrator,None,212,6.896484375
analyze-writer.py,write-writer.py,RENAME,Code Analysis,Simple Quality Monitor,Generic 'analyze-' prefix doesn't say what it analyzes,Writes writer data,None,645,23.89453125
codebase.py,codebase.py,RENAME,Code Analysis,AvaTarArTs Suite - Codebase Analyzer,ALL_CAPS naming - should use lowercase,Converted from ALL_CAPS: codebase,None,205,7.537109375
conversation.py,conversation.py,RENAME,Code Analysis,"Claude Code Conversation Exporter Exports conversation transcripts to text, HTML, and markdown formats Default: text (.txt) and HTML (.html)",ALL_CAPS naming - should use lowercase,Converted from ALL_CAPS: conversation,None,368,12.1259765625
excolors.py,excolors.py,RENAME,Code Analysis,Color schemes for exception handling code in IPython.,ALL_CAPS naming - should use lowercase,Converted from ALL_CAPS: excolors,None,161,5.056640625
formdata.py,formdata.py,RENAME,Code Analysis,Helper class for form body generation. Supports multipart/form-data and application/x-www-form-urlencoded.,ALL_CAPS naming - should use lowercase,Converted from ALL_CAPS: formdata,None,171,5.9619140625
gdrive.py,gdrive.py,RENAME,Code Analysis,"convert_to_colab function. # Read the content of the specified file with open(file_path, ""r"") as file: python_code = file.read() # Install necessary libraries python_code = re.sub( r""^\s*#\s*Install\s",ALL_CAPS naming - should use lowercase,Converted from ALL_CAPS: gdrive,"Streamlit, TensorFlow",82,2.1943359375
hardcoded.py,hardcoded.py,RENAME,Code Analysis,Automated API Key Fixer,ALL_CAPS naming - should use lowercase,Converted from ALL_CAPS: hardcoded,"OpenAI, ElevenLabs",259,7.7939453125
indent.py,indent.py,RENAME,Code Analysis,Decorator for allowing to use method as normal method or with context manager for auto-indenting code blocks.,ALL_CAPS naming - should use lowercase,Converted from ALL_CAPS: indent,None,30,0.900390625
optimizer.py,optimizer.py,RENAME,Code Analysis,The optimizer tries to constant fold expressions and modify the AST,ALL_CAPS naming - should use lowercase,Converted from ALL_CAPS: optimizer,Streamlit,52,1.68359375
periodic.py,periodic.py,RENAME,Code Analysis,Periodic Quality Monitor,ALL_CAPS naming - should use lowercase,Converted from ALL_CAPS: periodic,None,755,27.3974609375
pickleshare.py,pickleshare.py,RENAME,Code Analysis,PickleShare - a small 'shelve' like datastore with concurrency support,ALL_CAPS naming - should use lowercase,Converted from ALL_CAPS: pickleshare,Streamlit,359,9.83203125
resolution.py,resolution.py,RENAME,Code Analysis,"test_dti_resolution function. tz = tz_naive_fixture if freq == ""YE"" and not IS64 and isinstance(tz, tzlocal): request.applymarker( pytest.mark.xfail(reason=""OverflowError inside tzlocal past 2038"") )",ALL_CAPS naming - should use lowercase,Converted from ALL_CAPS: resolution,Streamlit,33,0.806640625
search.py,search.py,RENAME,Code Analysis,Alfred Script Filter for Claude Code Conversations - Enhanced Version,ALL_CAPS naming - should use lowercase,Converted from ALL_CAPS: search,None,359,11.0302734375
system.py,system.py,RENAME,Code Analysis,Setup Periodic Quality Monitoring,ALL_CAPS naming - should use lowercase,Converted from ALL_CAPS: system,None,263,8.6904296875
PROMPT_CSV_ANALYZER_ULTIMATE.py,csv-prompt-analyzer.py,RENAME,Data Processing,🎵 PROMPT & CSV ANALYZER ULTIMATE,ALL_CAPS naming - should use lowercase,Converted ALL_CAPS to meaningful lowercase,"Streamlit, Pandas",566,20.619140625
backupcsv.py,backupcsv.py,RENAME,Data Processing,No description found,ALL_CAPS naming - should use lowercase,Converted from ALL_CAPS: backupcsv,Pandas,65,2.1279296875
brand.py,brand.py,RENAME,Data Processing,"load function. with open(path, ""r"", encoding=""utf-8"") as f: data = json.load(f) return BrandTemplate( **{k: v for k, v in data.items() if k in BrandTemplate.__annotations__} )",ALL_CAPS naming - should use lowercase,Converted from ALL_CAPS: brand,None,27,0.7021484375
convert-conversations-to-csv.py,conversations-to-csv.py,RENAME,Data Processing,No description found,Missing documentation - unclear purpose,Exports conversations to CSV,"Streamlit, Pandas",77,2.3916015625
convert.py,convert.py,RENAME,Data Processing,Advanced File Processor - Consolidated Processing Script,ALL_CAPS naming - should use lowercase,Converted from ALL_CAPS: convert,OpenAI,406,13.197265625
converters.py,converters.py,RENAME,Data Processing,Commonly useful converters.,ALL_CAPS naming - should use lowercase,Converted from ALL_CAPS: converters,None,142,3.53515625
csvmerge.py,csvmerge.py,RENAME,Data Processing,No description found,ALL_CAPS naming - should use lowercase,Converted from ALL_CAPS: csvmerge,Pandas,73,2.064453125
dallecsv.py,dallecsv.py,RENAME,Data Processing,No description found,ALL_CAPS naming - should use lowercase,Converted from ALL_CAPS: dallecsv,None,47,1.0791015625
database.py,database.py,RENAME,Data Processing,No description found,ALL_CAPS naming - should use lowercase,Converted from ALL_CAPS: database,None,303,9.0361328125
fixer.py,fixer.py,RENAME,Data Processing,"format_with_black function. try: subprocess.run([""black"", filepath], check=True) logger.info(f""Formatted {filepath} with black."") except subprocess.CalledProcessError as e: logger.info(f""Error formatt",ALL_CAPS naming - should use lowercase,Converted from ALL_CAPS: fixer,None,61,1.6337890625
installations.py,installations.py,RENAME,Data Processing,"run_command function. try: result = subprocess.check_output(command, shell=True, universal_newlines=True) return result.strip().split(Path(""\n"")) except subprocess.CalledProcessError as e: return [str",ALL_CAPS naming - should use lowercase,Converted from ALL_CAPS: installations,None,51,1.3974609375
pdfcsv.py,pdfcsv.py,RENAME,Data Processing,No description found,ALL_CAPS naming - should use lowercase,Converted from ALL_CAPS: pdfcsv,None,6,0.15234375
processor.py,processor.py,RENAME,Data Processing,No description found,ALL_CAPS naming - should use lowercase,Converted from ALL_CAPS: processor,None,234,7.48046875
quiz.py,quiz.py,RENAME,Data Processing,"generate_trivia_quiz function. # Read the CSV file into a pandas DataFrame df = pd.read_csv(csv_path) # Iterate over each row in the DataFrame for index, row in df.iterrows(): # Extract question and o",ALL_CAPS naming - should use lowercase,Converted from ALL_CAPS: quiz,Pandas,44,1.3310546875
robust.py,robust.py,RENAME,Data Processing,Robust File Processor,ALL_CAPS naming - should use lowercase,Converted from ALL_CAPS: robust,None,923,35.935546875
scancsv.py,scancsv.py,RENAME,Data Processing,"scan_directory function. for root, _, files in os.walk(directory): for file in files: if file.lower().endswith(file_types):",ALL_CAPS naming - should use lowercase,Converted from ALL_CAPS: scancsv,None,45,1.15234375
scripts.py,scripts.py,RENAME,Data Processing,"<?xml version=""1.0"" encoding=""UTF-8"" standalone=""yes""?> <assembly xmlns=""urn:schemas-microsoft-com:asm.v1"" manifestVersion=""1.0""> <assemblyIdentity version=""1.0.0.0"" processorArchitecture=""X86"" name=""",ALL_CAPS naming - should use lowercase,Converted from ALL_CAPS: scripts,None,444,18.0634765625
snoopplugins.py,snoopplugins.py,RENAME,Data Processing,Плагины Snoop Project/Черновик from pathlib import Path import ipaddress import json import locale import os import platform import re import random import requests import signal import socket import ,ALL_CAPS naming - should use lowercase,Converted from ALL_CAPS: snoopplugins,"Streamlit, Requests",563,24.9443359375
sufflecsv.py,sufflecsv.py,RENAME,Data Processing,shuffle_csv function. # Download the CSV data from the URL response = requests.get(url) response.raise_for_status()  # Check for errors csv_data = response.text # Read the CSV data csv_file = StringIO,ALL_CAPS naming - should use lowercase,Converted from ALL_CAPS: sufflecsv,Requests,35,0.8720703125
track.py,track.py,RENAME,Data Processing,"Wraps a try-except-assign statement. try: setattr(self, name, getter()) except KeyError: setattr(self, name, default) def __init__(self, spotify_data, track_type=Type.TRACK) -> None:",ALL_CAPS naming - should use lowercase,Converted from ALL_CAPS: track,None,112,3.615234375
ADVANCED_SYSTEMS_CATALOG.py,project-catalog-generator.py,RENAME,Documentation,🏗️ ADVANCED SYSTEMS CATALOG,ALL_CAPS naming - should use lowercase,Converted ALL_CAPS to meaningful lowercase,FastAPI,561,18.875
create_sphinx_docs.py,create-sphinx-docs.py,RENAME,Documentation,📚 SPHINX DOCUMENTATION GENERATOR,ALL_CAPS naming - should use lowercase,Converted from ALL_CAPS: create_sphinx_docs,None,681,18.3056640625
csv-print-on-demand-catalog.py,generate-csv-catalog.py,RENAME,Documentation,No description found,Missing documentation - unclear purpose,Generates CSV catalog,None,35,0.9990234375
retrieve-docs.py,download-documents.py,RENAME,Documentation,No description found,Missing documentation - unclear purpose,Downloads/retrieves documents,None,116,4.115234375
PROCESS_BATCH_RENAMES.py,batch-rename-processor.py,RENAME,File Organization,Batch Rename Processor,ALL_CAPS naming - should use lowercase,Converted ALL_CAPS to meaningful lowercase,Streamlit,186,5.6279296875
analyze-file-migration.py,migration-planner.py,RENAME,File Organization,Analyze current structure and show what will be migrated where,Generic 'analyze-' prefix doesn't say what it analyzes,Plans file migrations,None,223,7.9072265625
categorizer.py,categorizer.py,RENAME,File Organization,No description found,ALL_CAPS naming - should use lowercase,Converted from ALL_CAPS: categorizer,OpenAI,107,3.3330078125
documents.py,documents.py,RENAME,File Organization,Script to create a CSV backup of ~/documents directory in the same format as ~/clean,ALL_CAPS naming - should use lowercase,Converted from ALL_CAPS: documents,None,175,5.8154296875
implement.py,implement.py,RENAME,File Organization,Implement Smart Organization System,ALL_CAPS naming - should use lowercase,Converted from ALL_CAPS: implement,Streamlit,342,13.5302734375
organize.py,organize.py,RENAME,File Organization,AI Outputs Hub - Auto-Organize Dry Run,ALL_CAPS naming - should use lowercase,Converted from ALL_CAPS: organize,None,348,12.484375
project_consolidator.py,project-consolidator.py,RENAME,File Organization,Project Consolidator - Organize and consolidate Python/JS projects,ALL_CAPS naming - should use lowercase,Converted from ALL_CAPS: project_consolidator,None,268,10.41796875
pyorganize.py,pyorganize.py,RENAME,File Organization,Extracts top-level functions and classes from the script content.,ALL_CAPS naming - should use lowercase,Converted from ALL_CAPS: pyorganize,OpenAI,80,2.412109375
pytables.py,pytables.py,RENAME,File Organization,"test_pytables_raises function. df = pd.DataFrame({""A"": [1, 2]}) with pytest.raises(ImportError, match=""tables""): with tm.ensure_clean(""foo.h5"") as path: df.to_hdf(path, key=""df"")",ALL_CAPS naming - should use lowercase,Converted from ALL_CAPS: pytables,"Streamlit, Pandas",16,0.3779296875
rename.py,rename.py,RENAME,File Organization,No description found,ALL_CAPS naming - should use lowercase,Converted from ALL_CAPS: rename,PIL,132,4.97265625
renamer.py,renamer.py,RENAME,File Organization,Simple Python Renamer for ~/Documents/python,ALL_CAPS naming - should use lowercase,Converted from ALL_CAPS: renamer,Streamlit,484,16.642578125
scrape.py,scrape.py,RENAME,File Organization,"Method to remove punctuation and numbers from a string return re.sub(r""[^\sa-zA-Z0-9]"", """", string_to_clean).lower().strip() def read_subreddit_list():",ALL_CAPS naming - should use lowercase,Converted from ALL_CAPS: scrape,Streamlit,82,2.4208984375
smart.py,smart.py,RENAME,File Organization,Smart Organization Plan Generator,ALL_CAPS naming - should use lowercase,Converted from ALL_CAPS: smart,Streamlit,509,18.1875
sorts.py,sorts.py,RENAME,File Organization,Check if a given path matches any of the exclusion patterns. Parameters: path (str): The path to check. patterns (list): A list of regex patterns for exclusion. Returns: bool: True if path matches any,ALL_CAPS naming - should use lowercase,Converted from ALL_CAPS: sorts,"PIL, Pandas",299,9.1923828125
textgenerator.py,textgenerator.py,RENAME,File Organization,clean_response function.,ALL_CAPS naming - should use lowercase,Converted from ALL_CAPS: textgenerator,OpenAI,53,1.35546875
translation.py,translation.py,RENAME,File Organization,"Hi Bro, This Is Telegrams Yet Another Sassiest Downloader com Renamer Bot Hit /help to know how to use me © @RedbullFed",ALL_CAPS naming - should use lowercase,Converted from ALL_CAPS: translation,None,111,7.5966796875
workspace_optimizer.py,workspace-optimizer.py,RENAME,File Organization,Workspace Optimizer - Clean up archived projects and optimize storage,ALL_CAPS naming - should use lowercase,Converted from ALL_CAPS: workspace_optimizer,None,399,16.302734375
PSDImage.py,psdimage.py,RENAME,Image Analysis,PSD Image module.,ALL_CAPS naming - should use lowercase,Converted from ALL_CAPS: PSDImage,"PIL, NumPy",747,22.919921875
analyze-metadata.py,extract-image-metadata.py,RENAME,Image Analysis,Shared helpers for GPT-based image metadata enrichment.,Generic 'analyze-' prefix doesn't say what it analyzes,Extracts metadata from images,PIL,201,6.1298828125
bubblespider_scraper.py,bubblespider-scraper.py,RENAME,Image Analysis,"extract_amazon_urls_to_csv function. # Regular expressions for matching the URLs product_url_pattern = re.compile(r""https:\/\/www\.amazon\.com\/dp\/[A-Za-z0-9]+"") image_url_pattern = re.compile( r""htt",ALL_CAPS naming - should use lowercase,Converted from ALL_CAPS: bubblespider_scraper,None,44,1.33203125
compile.py,compile.py,RENAME,Image Analysis,"compile_image_info function. with open( master_csv_file_path, mode=""w"", newline="""", encoding=""utf-8"" ) as master_file: master_writer = csv.writer(master_file) master_writer.writerow( [ ""Subfolder"", ""P",ALL_CAPS naming - should use lowercase,Converted from ALL_CAPS: compile,Streamlit,42,1.3505859375
converts.py,converts.py,RENAME,Image Analysis,"convert_and_upscale_images function. # Create the destination directory if it doesn't exist os.makedirs(destination_directory, exist_ok=True) for filename in os.listdir(source_directory): if filename.",ALL_CAPS naming - should use lowercase,Converted from ALL_CAPS: converts,"PIL, Streamlit",77,2.513671875
convertupscale.py,convertupscale.py,RENAME,Image Analysis,"convert_and_upscale_images function. # Create the destination directory if it doesn't exist os.makedirs(destination_directory, exist_ok=True) for filename in os.listdir(source_directory): if filename.",ALL_CAPS naming - should use lowercase,Converted from ALL_CAPS: convertupscale,"PIL, Streamlit",67,1.9697265625
createimages.py,createimages.py,RENAME,Image Analysis,No description found,ALL_CAPS naming - should use lowercase,Converted from ALL_CAPS: createimages,"OpenAI, PIL, Pandas, Requests",183,6.2197265625
csvsort.py,csvsort.py,RENAME,Image Analysis,"Create a safe filename from a title. return """".join([c if c.isalnum() else ""_"" for c in title]) def download_image(url, path):",ALL_CAPS naming - should use lowercase,Converted from ALL_CAPS: csvsort,"Pandas, Requests",63,1.8232421875
denoiser.py,denoiser.py,RENAME,Image Analysis,Denoise an image with the FFDNet denoising method,ALL_CAPS naming - should use lowercase,Converted from ALL_CAPS: denoiser,"NumPy, PyTorch",126,4.052734375
lexica.py,lexica.py,RENAME,Image Analysis,"get_image function. if settings.download_enabled: if not os.path.exists(file_path): safe_query = urllib.parse.quote(sentence.strip()) lexica_url = f""https://lexica.art/api/v1/search?q={safe_query}"" lo",ALL_CAPS naming - should use lowercase,Converted from ALL_CAPS: lexica,Requests,36,1.10546875
mydesigner.py,mydesigner.py,RENAME,Image Analysis,"ensure_directories function. output_dir = os.path.join(base_dir, ""processed_images"") os.makedirs(output_dir, exist_ok=True) return output_dir # Function to download an image",ALL_CAPS naming - should use lowercase,Converted from ALL_CAPS: mydesigner,"Streamlit, Pandas, Requests",121,3.5146484375
nativetypes.py,nativetypes.py,RENAME,Image Analysis,"Return a native Python type from the list of compiled nodes. If the result is a single node, its value is returned. Otherwise, the nodes are concatenated as strings. If the result can be parsed with :",ALL_CAPS naming - should use lowercase,Converted from ALL_CAPS: nativetypes,Streamlit,132,4.1982421875
organizer.py,organizer.py,RENAME,Image Analysis,"sort_images function. # Create the target directory if it doesn't exist os.makedirs(target_dir, exist_ok=True) # Supported image formats extensions = ("".png"", "".jpg"", "".jpeg"", "".tiff"", "".mp4"", "".webp""",ALL_CAPS naming - should use lowercase,Converted from ALL_CAPS: organizer,PIL,72,2.5517578125
parse.py,parse.py,RENAME,Image Analysis,Extracts the base URL (URL without query parameters) and the photo name from a Onedrive photo URL :param photo_url: photo URL :return: base URL and photo name,ALL_CAPS naming - should use lowercase,Converted from ALL_CAPS: parse,Selenium,102,3.658203125
setuptools.py,setuptools.py,RENAME,Image Analysis,exec(compile(,ALL_CAPS naming - should use lowercase,Converted from ALL_CAPS: setuptools,Streamlit,149,4.41796875
upscalecreateimages.py,upscalecreateimages.py,RENAME,Image Analysis,"Load all .env files from ~/.env.d directory env_d_path = Path.home() / "".env.d"" if env_d_path.exists(): for env_file in env_d_path.glob(""*.env""): with open(env_file) as f: for line in f: line = line.s",ALL_CAPS naming - should use lowercase,Converted from ALL_CAPS: upscalecreateimages,"OpenAI, PIL, Pandas, Requests",162,5.197265625
analyze-prompt.py,prompt-analyzer.py,RENAME,Image Generation,"Generate detailed, descriptive image prompts from a timestamped transcript.",Generic 'analyze-' prefix doesn't say what it analyzes,Converted from generic analyze- prefix,None,152,6.3271484375
cover.py,cover.py,RENAME,Image Generation,"generate_cover_image_with_dalle function. prompt = f""lets create a series of typography cover image for '{file_name}' in the Font and style and contexts to tell the story'"" response = client.images.ge",ALL_CAPS naming - should use lowercase,Converted from ALL_CAPS: cover,"OpenAI, PIL, Requests",61,1.7177734375
vision.py,vision.py,RENAME,Image Generation,"generate_description function. response = client.chat.completions.create( model=""gpt-4-vision-preview"", messages=[ { ""role"": ""user"", ""content"": [ { ""type"": ""text"", ""text"": ""Can you create a detailed a",ALL_CAPS naming - should use lowercase,Converted from ALL_CAPS: vision,OpenAI,65,1.9072265625
askredditbot.py,askredditbot.py,RENAME,Social Media,No description found,ALL_CAPS naming - should use lowercase,Converted from ALL_CAPS: askredditbot,None,9,0.1328125
instagram-combiner.py,instagram-content-combiner.py,RENAME,Social Media,No description found,Missing documentation - unclear purpose,Combines Instagram content,"Streamlit, Pandas",80,2.0498046875
instagram.py,instagram.py,RENAME,Social Media,No description found,ALL_CAPS naming - should use lowercase,Converted from ALL_CAPS: instagram,None,55,1.748046875
reddit.py,reddit.py,RENAME,Social Media,"comment_html function. str = ( ""<!DOCTYPE html><html><head>"" ""<style>body {background-color: rgb(26, 26, 27);color: white;font-family: BentonSans, sans-serif;}.username {color: rgb(79, CONSTANT_188, C",ALL_CAPS naming - should use lowercase,Converted from ALL_CAPS: reddit,"Streamlit, Pandas",68,1.7978515625
subreddit.py,subreddit.py,RENAME,Social Media,Returns a list of threads from the AskReddit subreddit.,ALL_CAPS naming - should use lowercase,Converted from ALL_CAPS: subreddit,None,183,7.068359375
AI_SETUP_VERIFICATION.py,check-ai-sdks.py,RENAME,Utilities,AI Services Setup Verification Tool,ALL_CAPS naming - should use lowercase,Converted ALL_CAPS to meaningful lowercase,None,189,6.2275390625
COMPLETE_MEDIA_PROMPT_ANALYZER.py,media-prompt-analyzer.py,RENAME,Utilities,🎬 COMPLETE MEDIA & PROMPT ANALYZER,ALL_CAPS naming - should use lowercase,Converted ALL_CAPS to meaningful lowercase,"PIL, Streamlit, Pandas",712,26.7099609375
DEEP_CONTENT_ANALYZER_ULTIMATE.py,deep-content-analyzer.py,RENAME,Utilities,🧠 DEEP CONTENT ANALYZER ULTIMATE,ALL_CAPS naming - should use lowercase,Converted ALL_CAPS to meaningful lowercase,"OpenAI, Anthropic, ElevenLabs, Streamlit",865,30.9189453125
INTELLIGENT_WORKFLOW_BUILDER.py,workflow-builder.py,RENAME,Utilities,🔮 INTELLIGENT WORKFLOW BUILDER =============================== Analyzes your 748+ Python scripts and creates optimized AI-powered workflows Features: - 📊 Deep analysis of existing scripts - 🔗 Intellig,ALL_CAPS naming - should use lowercase,Converted ALL_CAPS to meaningful lowercase,"OpenAI, Anthropic, ElevenLabs, Streamlit",505,18.005859375
PROMPT_HUNTER_ULTIMATE.py,prompt-hunter.py,RENAME,Utilities,🔎 PROMPT HUNTER ULTIMATE,ALL_CAPS naming - should use lowercase,Converted ALL_CAPS to meaningful lowercase,None,521,18.462890625
SMART_AUTOMATION_DISCOVERY.py,smart-automation-discovery.py,RENAME,Utilities,🎯 SMART AUTOMATION DISCOVERY ENGINE,ALL_CAPS naming - should use lowercase,Converted from ALL_CAPS: SMART_AUTOMATION_DISCOVERY,"OpenAI, Anthropic, Streamlit",545,20.1376953125
_RefreshThread.py,-refreshthread.py,RENAME,Utilities,No description found,ALL_CAPS naming - should use lowercase,Converted from ALL_CAPS: _RefreshThread,None,410,14.99609375
advanced_script_finder.py,advanced-script-finder.py,RENAME,Utilities,Advanced Script Finder - Find the best Python scripts to inspire improvements,ALL_CAPS naming - should use lowercase,Converted from ALL_CAPS: advanced_script_finder,"Gemini, ElevenLabs, HuggingFace, PIL, Streamlit, FastAPI, Pandas, Requests",330,12.525390625
analyze-all-scripts.py,all-scripts-analyzer.py,RENAME,Utilities,Comprehensive Script Analyzer,Generic 'analyze-' prefix doesn't say what it analyzes,Converted from generic analyze- prefix,"Gemini, ElevenLabs, AssemblyAI, Deepgram, HuggingFace, PIL, Streamlit, FastAPI, Pandas, NumPy, PyTorch, TensorFlow, Whisper, pydub, Requests, Beautiful Soup, Selenium, Playwright",330,12.212890625
analyze-file-versions.py,find-script-versions.py,RENAME,Utilities,Script Version Analyzer,Generic 'analyze-' prefix doesn't say what it analyzes,Finds versioned scripts,None,236,7.5712890625
analyze-reader.py,gpt-vision-image-analyzer.py,RENAME,Utilities,No description found,Generic 'analyze-' prefix doesn't say what it analyzes,Analyzes images with GPT Vision,"OpenAI, PIL",333,11.0908203125
backlinker.py,backlinker.py,RENAME,Utilities,_ ____             _    _ _       _ | |  _ \           | |  | (_)     | | _   _ _ __| | |_) | __ _  ___| | _| |_ _ __ | | _____ _ __ | | | | '__| |  _ < / _` |/ __| |/ / | | '_ \| |/ / _ \ '__| | |_| ,ALL_CAPS naming - should use lowercase,Converted from ALL_CAPS: backlinker,Requests,49,1.5634765625
bookmarks.py,bookmarks.py,RENAME,Utilities,"add_bookmarks function. reader = PdfReader(output_path) writer = PdfWriter() for page in reader.pages: writer.add_page(page) for item in toc_items: title = item[""title""] page_num = item[""page""] - 1  #",ALL_CAPS naming - should use lowercase,Converted from ALL_CAPS: bookmarks,None,29,0.708984375
breakdown.py,breakdown.py,RENAME,Utilities,"get_script_description function. with open(file_path, ""r"") as file: script_content = file.read() # OpenAI API call to get the script description response = client.chat.completions.create( model=""gpt-4",ALL_CAPS naming - should use lowercase,Converted from ALL_CAPS: breakdown,OpenAI,64,1.83203125
calculator.py,calculator.py,RENAME,Utilities,Simple calculator tool for basic math operations.,ALL_CAPS naming - should use lowercase,Converted from ALL_CAPS: calculator,None,55,1.5224609375
chatgpt.py,chatgpt.py,RENAME,Utilities,ChatGPT Agent - A simple conversational AI agent using OpenAI's API,ALL_CAPS naming - should use lowercase,Converted from ALL_CAPS: chatgpt,OpenAI,189,6.7666015625
chatprompt.py,chatprompt.py,RENAME,Utilities,Shared helpers for chat-based OpenAI interactions.,ALL_CAPS naming - should use lowercase,Converted from ALL_CAPS: chatprompt,None,55,1.439453125
check.py,check.py,RENAME,Utilities,No description found,ALL_CAPS naming - should use lowercase,Converted from ALL_CAPS: check,None,74,3.1298828125
classify.py,classify.py,RENAME,Utilities,No description found,ALL_CAPS naming - should use lowercase,Converted from ALL_CAPS: classify,"OpenAI, Streamlit",195,6.2373046875
cli.py,cli.py,RENAME,Utilities,Simple Claude CLI for terminal usage,ALL_CAPS naming - should use lowercase,Converted from ALL_CAPS: cli,Anthropic,102,3.0048828125
computer.py,computer.py,RENAME,Utilities,No description found,ALL_CAPS naming - should use lowercase,Converted from ALL_CAPS: computer,Anthropic,407,14.3857421875
confcli.py,confcli.py,RENAME,Utilities,"remove_old_files function. # Delete temporary file that may still exist if the program was # interrupted during the editing of the clips try: if os.path.isfile(get_output_title() + ""TEMP_MPY_wvf_snd.m",ALL_CAPS naming - should use lowercase,Converted from ALL_CAPS: confcli,None,101,2.4521484375
consolidation.py,consolidation.py,RENAME,Utilities,Final File Consolidation Script,ALL_CAPS naming - should use lowercase,Converted from ALL_CAPS: consolidation,Streamlit,429,18.044921875
contacts.py,contacts.py,RENAME,Utilities,No description found,ALL_CAPS naming - should use lowercase,Converted from ALL_CAPS: contacts,PIL,63,1.95703125
conversion.py,conversion.py,RENAME,Utilities,No description found,ALL_CAPS naming - should use lowercase,Converted from ALL_CAPS: conversion,Streamlit,211,7.5048828125
createdb.py,createdb.py,RENAME,Utilities,No description found,ALL_CAPS naming - should use lowercase,Converted from ALL_CAPS: createdb,None,5,0.1455078125
deep.py,content-analyzer.py,RENAME,Utilities,Deep Analyzer with Content-Awareness,ALL_CAPS naming - should use lowercase,Converted from ALL_CAPS: deep,None,385,13.9384765625
deep_folder_analyzer.py,deep-folder-analyzer.py,RENAME,Utilities,Deep Folder Analyzer - Comprehensive directory analysis tool,ALL_CAPS naming - should use lowercase,Converted from ALL_CAPS: deep_folder_analyzer,None,352,14.6123046875
defaults.py,defaults.py,RENAME,Utilities,No description found,ALL_CAPS naming - should use lowercase,Converted from ALL_CAPS: defaults,None,46,1.21484375
delete.py,delete.py,RENAME,Utilities,"delete_media function. self.small_delay() media = self.get_media_info(media_id) media = media[0] if isinstance(media, list) else media if self.api.delete_media(media): return True self.logger.info(""Me",ALL_CAPS naming - should use lowercase,Converted from ALL_CAPS: delete,None,44,1.2197265625
devops.py,devops.py,RENAME,Utilities,Context-Efficient DevOps Engineer Agent,ALL_CAPS naming - should use lowercase,Converted from ALL_CAPS: devops,None,478,17.0947265625
diagnose.py,diagnose.py,RENAME,Utilities,"Diagnostic functions, mainly for use when doing tech support.",ALL_CAPS naming - should use lowercase,Converted from ALL_CAPS: diagnose,Beautiful Soup,263,7.53515625
direct.py,direct.py,RENAME,Utilities,:param self: bot :param text: text of message :param user_ids: list of user_ids for creating group or one user_id for send to one person :param thread_id: thread_id,ALL_CAPS naming - should use lowercase,Converted from ALL_CAPS: direct,None,246,7.6455078125
edit.py,edit.py,RENAME,Utilities,"An filesystem editor tool that allows the agent to view, create, and edit files. The tool parameters are defined by Anthropic and are not editable.",ALL_CAPS naming - should use lowercase,Converted from ALL_CAPS: edit,Streamlit,565,22.4228515625
editorhooks.py,editorhooks.py,RENAME,Utilities,'editor' hooks for common editors that work well with ipython,ALL_CAPS naming - should use lowercase,Converted from ALL_CAPS: editorhooks,Streamlit,137,4.017578125
elevenlabs.py,elevenlabs.py,RENAME,Utilities,__init__ function. self.max_chars = CONSTANT_2500 self.voices = voices,ALL_CAPS naming - should use lowercase,Converted from ALL_CAPS: elevenlabs,ElevenLabs,54,1.2626953125
emotional.py,emotional.py,RENAME,Utilities,AlchemyAPI Emotional Quiz Generator,ALL_CAPS naming - should use lowercase,Converted from ALL_CAPS: emotional,"OpenAI, pydub, Requests",267,8.7255859375
etree.py,etree.py,RENAME,Utilities,No description found,ALL_CAPS naming - should use lowercase,Converted from ALL_CAPS: etree,None,226,6.380859375
evaluate.py,evaluate.py,RENAME,Utilities,No description found,ALL_CAPS naming - should use lowercase,Converted from ALL_CAPS: evaluate,"OpenAI, Streamlit",261,9.2021484375
evaluation.py,evaluation.py,RENAME,Utilities,MCP Server Evaluation Harness,ALL_CAPS naming - should use lowercase,Converted from ALL_CAPS: evaluation,Anthropic,428,13.029296875
extract.py,extract.py,RENAME,Utilities,"get_full_annotation_field_id function. components = [] while annotation: field_name = annotation.get(""/T"") if field_name: components.append(field_name) annotation = annotation.get(""/Parent"") return "".",ALL_CAPS naming - should use lowercase,Converted from ALL_CAPS: extract,Streamlit,178,6.6513671875
fancyimg.py,fancyimg.py,RENAME,Utilities,No description found,ALL_CAPS naming - should use lowercase,Converted from ALL_CAPS: fancyimg,OpenAI,104,3.30078125
fancyname.py,fancyname.py,RENAME,Utilities,No description found,ALL_CAPS naming - should use lowercase,Converted from ALL_CAPS: fancyname,"OpenAI, Streamlit",125,3.734375
finder.py,finder.py,RENAME,Utilities,Comprehensive Duplicate File Detection Script,ALL_CAPS naming - should use lowercase,Converted from ALL_CAPS: finder,None,162,5.4921875
generatetexts.py,generatetexts.py,RENAME,Utilities,"get_facts function. response = client.completions.create( model=""text-davinci-003"", prompt=""Create three tik-tok like plain text for curious facts about "" + topic + "" separated by enters without text ",ALL_CAPS naming - should use lowercase,Converted from ALL_CAPS: generatetexts,OpenAI,26,0.6357421875
genshi.py,genshi.py,RENAME,Utilities,"__iter__ function. # Buffer the events so we can pass in the following one previous = None for event in self.tree: if previous is not None: for token in self.tokens(previous, event):",ALL_CAPS naming - should use lowercase,Converted from ALL_CAPS: genshi,None,93,2.4091796875
getattr.py,getattr.py,RENAME,Utilities,A static version of getattr.,ALL_CAPS naming - should use lowercase,Converted from ALL_CAPS: getattr,None,120,3.7646484375
ident.py,ident.py,RENAME,Utilities,No description found,ALL_CAPS naming - should use lowercase,Converted from ALL_CAPS: ident,OpenAI,205,6.3798828125
imove.py,imove.py,RENAME,Utilities,No description found,ALL_CAPS naming - should use lowercase,Converted from ALL_CAPS: imove,None,33,1.1552734375
launcher.py,launcher.py,RENAME,Utilities,Utilities for launching kernels,ALL_CAPS naming - should use lowercase,Converted from ALL_CAPS: launcher,None,191,6.3720703125
leonardo.py,leonardo.py,RENAME,Utilities,leonardo_motion_cli.py,ALL_CAPS naming - should use lowercase,Converted from ALL_CAPS: leonardo,"Streamlit, Requests",263,8.8623046875
loop.py,loop.py,RENAME,Utilities,Agentic sampling loop that calls the Claude API and local implementation of anthropic-defined computer use tools.,ALL_CAPS naming - should use lowercase,Converted from ALL_CAPS: loop,"Anthropic, Streamlit",325,12.791015625
macro.py,macro.py,RENAME,Utilities,Support for interactive macros in IPython,ALL_CAPS naming - should use lowercase,Converted from ALL_CAPS: macro,None,60,1.81640625
massive.py,massive.py,RENAME,Utilities,This template is written by @loopypanda,ALL_CAPS naming - should use lowercase,Converted from ALL_CAPS: massive,None,57,2.056640625
named.py,named.py,RENAME,Utilities,No description found,ALL_CAPS naming - should use lowercase,Converted from ALL_CAPS: named,"PIL, Streamlit",227,7.23828125
nested.py,nested.py,RENAME,Utilities,Validating highly nested schemas shouldn't cause exponential time blowups.,ALL_CAPS naming - should use lowercase,Converted from ALL_CAPS: nested,None,56,1.9443359375
optional.py,optional.py,RENAME,Utilities,"test_import_optional function. match = ""Missing .*notapackage.* pip .* conda .* notapackage"" with pytest.raises(ImportError, match=match) as exc_info: import_optional_dependency(""notapackage"") # The o",ALL_CAPS naming - should use lowercase,Converted from ALL_CAPS: optional,"Streamlit, Pandas",109,3.287109375
oshelper.py,oshelper.py,RENAME,Utilities,OS helper,ALL_CAPS naming - should use lowercase,Converted from ALL_CAPS: oshelper,None,124,3.17578125
output.py,output.py,RENAME,Utilities,No description found,ALL_CAPS naming - should use lowercase,Converted from ALL_CAPS: output,Pandas,31,0.861328125
page.py,page.py,RENAME,Utilities,Page Maker v3 — a lean static generator with good defaults.,ALL_CAPS naming - should use lowercase,Converted from ALL_CAPS: page,Streamlit,307,13.744140625
pager.py,pager.py,RENAME,Utilities,"Base class for a pager. @abstractmethod def show(self, content: str) -> None:",ALL_CAPS naming - should use lowercase,Converted from ALL_CAPS: pager,None,40,0.8984375
performance.py,performance.py,RENAME,Utilities,Performance Optimization Script,ALL_CAPS naming - should use lowercase,Converted from ALL_CAPS: performance,Streamlit,273,9.2646484375
playlist.py,playlist.py,RENAME,Utilities,No description found,ALL_CAPS naming - should use lowercase,Converted from ALL_CAPS: playlist,Streamlit,214,6.7314453125
project.py,project.py,RENAME,Utilities,AvaTarArTs Project Manager,ALL_CAPS naming - should use lowercase,Converted from ALL_CAPS: project,Streamlit,492,15.287109375
pulse.py,pulse.py,RENAME,Utilities,Pulse Animation - Scale objects rhythmically for emphasis.,ALL_CAPS naming - should use lowercase,Converted from ALL_CAPS: pulse,PIL,295,9.2216796875
pydescribe.py,pydescribe.py,RENAME,Utilities,Extracts top-level functions and classes from the script content.,ALL_CAPS naming - should use lowercase,Converted from ALL_CAPS: pydescribe,OpenAI,107,3.384765625
pyinstaller.py,pyinstaller.py,RENAME,Utilities,A crude *bit of everything* smoke test to verify PyInstaller compatibility.,ALL_CAPS naming - should use lowercase,Converted from ALL_CAPS: pyinstaller,NumPy,32,1.142578125
pythoncat.py,pythoncat.py,RENAME,Utilities,No description found,ALL_CAPS naming - should use lowercase,Converted from ALL_CAPS: pythoncat,OpenAI,107,3.3330078125
pythoncatorize.py,pythoncatorize.py,RENAME,Utilities,"get_openai_category function. try: response = client.chat.completions.create( model=""gpt-3.5-turbo"",",ALL_CAPS naming - should use lowercase,Converted from ALL_CAPS: pythoncatorize,OpenAI,80,2.251953125
quantum.py,quantum.py,RENAME,Utilities,__init__ function. self.chaos_factor = chaos_factor,ALL_CAPS naming - should use lowercase,Converted from ALL_CAPS: quantum,"PIL, NumPy",38,1.4169921875
quantumforgelabs.py,quantumforgelabs.py,RENAME,Utilities,"<svg xmlns=""http://www.w3.org/CONSTANT_2000/svg"" viewBox=""0 0 CONSTANT_640 640"" role=""img"" aria-label=""QuantumForgeLabs logo""> <defs> <linearGradient id=""g"" x1=""0"" x2=""1"" y1=""0"" y2=""1"">",ALL_CAPS naming - should use lowercase,Converted from ALL_CAPS: quantumforgelabs,PIL,362,15.212890625
query.py,query.py,RENAME,Utilities,"generate function. assert ( expand_to_n > 0 ), f""'expand_to_n' should be greater than 0. Got {expand_to_n}."" if self._mock: return [query for _ in range(expand_to_n)] query_expansion_template = QueryE",ALL_CAPS naming - should use lowercase,Converted from ALL_CAPS: query,OpenAI,55,1.6513671875
quickstart.py,quickstart.py,RENAME,Utilities,"Activity flow # general settings session.set_dont_include([""friend1"", ""friend2"", ""friend3""])",ALL_CAPS naming - should use lowercase,Converted from ALL_CAPS: quickstart,None,37,1.0
rebuild.py,rebuild.py,RENAME,Utilities,Rebuild the internal timezone info in dateutil/zoneinfo/zoneinfo*tar* filename is the timezone tarball from ``ftp.iana.org/tz``.,ALL_CAPS naming - should use lowercase,Converted from ALL_CAPS: rebuild,None,76,2.3447265625
recalc.py,recalc.py,RENAME,Utilities,Excel Formula Recalculation Script,ALL_CAPS naming - should use lowercase,Converted from ALL_CAPS: recalc,None,206,6.5849609375
recovery.py,recovery.py,RENAME,Utilities,Recovery Analyzer - Comprehensive analysis of Python backup locations,ALL_CAPS naming - should use lowercase,Converted from ALL_CAPS: recovery,None,231,8.16796875
rephrase.py,rephrase.py,RENAME,Utilities,__init__ function. self.content = content,ALL_CAPS naming - should use lowercase,Converted from ALL_CAPS: rephrase,OpenAI,55,1.54296875
replace.py,replace.py,RENAME,Utilities,Apply text replacements to PowerPoint presentation.,ALL_CAPS naming - should use lowercase,Converted from ALL_CAPS: replace,None,385,13.416015625
resize.py,resize.py,RENAME,Utilities,No description found,ALL_CAPS naming - should use lowercase,Converted from ALL_CAPS: resize,"OpenAI, PIL, Streamlit",277,8.646484375
resizer.py,resizer.py,RENAME,Utilities,setup_logging function. level = logging.DEBUG if verbose else logging.INFO handlers = [logging.StreamHandler()] if log_file: handlers.append(logging.FileHandler(log_file)) logging.basicConfig( level=l,ALL_CAPS naming - should use lowercase,Converted from ALL_CAPS: resizer,PIL,144,4.6650390625
restarter.py,restarter.py,RENAME,Utilities,A basic kernel monitor with autorestarting.,ALL_CAPS naming - should use lowercase,Converted from ALL_CAPS: restarter,None,168,5.7890625
riddle.py,riddle.py,RENAME,Utilities,"Function. prompt_text = ""Generate a sphinx riddle with a question, an answer, a correct response message, and an incorrect response message."" messages = [ { ""role"": ""system"", ""content"": ""You are about",ALL_CAPS naming - should use lowercase,Converted from ALL_CAPS: riddle,OpenAI,101,2.8603515625
savify.py,savify.py,RENAME,Utilities,Main module for Savify.,ALL_CAPS naming - should use lowercase,Converted from ALL_CAPS: savify,Requests,395,12.7421875
scan_volumes.py,scan-volumes.py,RENAME,Utilities,Scan External Volumes - Find Python scripts on external drives,ALL_CAPS naming - should use lowercase,Converted from ALL_CAPS: scan_volumes,"Gemini, ElevenLabs, HuggingFace, PIL, Streamlit, FastAPI, Pandas, NumPy, PyTorch, TensorFlow, Requests",294,10.6796875
scanpython.py,scanpython.py,RENAME,Utilities,"get_script_description function. with open(file_path, ""r"") as file: script_content = file.read() # OpenAI API call to get the script description response = client.chat.completions.create( model=""gpt-3",ALL_CAPS naming - should use lowercase,Converted from ALL_CAPS: scanpython,OpenAI,63,1.830078125
scanpythons.py,scanpythons.py,RENAME,Utilities,Extracts top-level functions and classes from the script content.,ALL_CAPS naming - should use lowercase,Converted from ALL_CAPS: scanpythons,OpenAI,77,2.29296875
scheme.py,scheme.py,RENAME,Utilities,For types associated with installation schemes.,ALL_CAPS naming - should use lowercase,Converted from ALL_CAPS: scheme,None,30,0.7197265625
scriptwrapper.py,scriptwrapper.py,RENAME,Utilities,No description found,ALL_CAPS naming - should use lowercase,Converted from ALL_CAPS: scriptwrapper,None,278,7.96484375
secret.py,secret.py,RENAME,Utilities,No description found,ALL_CAPS naming - should use lowercase,Converted from ALL_CAPS: secret,None,19,0.4638671875
setters.py,setters.py,RENAME,Utilities,Commonly used hooks for on_setattr.,ALL_CAPS naming - should use lowercase,Converted from ALL_CAPS: setters,None,75,1.404296875
sheets.py,sheets.py,RENAME,Utilities,Google Sheets helpers using gspread.,ALL_CAPS naming - should use lowercase,Converted from ALL_CAPS: sheets,None,113,3.578125
simple.py,simple.py,RENAME,Utilities,No description found,ALL_CAPS naming - should use lowercase,Converted from ALL_CAPS: simple,None,5,0.1865234375
simplify.py,simplify.py,RENAME,Utilities,No description found,ALL_CAPS naming - should use lowercase,Converted from ALL_CAPS: simplify,"OpenAI, Streamlit",111,501.0439453125
singleton.py,singleton.py,RENAME,Utilities,"__call__ function. if cls not in cls._instances: cls._instances[cls] = super(Singleton, cls).__call__(*args, **kwargs) return cls._instances[cls]",ALL_CAPS naming - should use lowercase,Converted from ALL_CAPS: singleton,None,10,0.267578125
skiprows.py,skiprows.py,RENAME,Utilities,Tests that skipped rows are properly handled during parsing for all of the parsers defined in parsers.py,ALL_CAPS naming - should use lowercase,Converted from ALL_CAPS: skiprows,"Streamlit, Pandas, NumPy",343,9.5498046875
slide.py,slide.py,RENAME,Utilities,Slide Animation - Slide elements in from edges with overshoot/bounce.,ALL_CAPS naming - should use lowercase,Converted from ALL_CAPS: slide,PIL,302,9.5322265625
snoopbanner.py,snoopbanner.py,RENAME,Utilities,No description found,ALL_CAPS naming - should use lowercase,Converted from ALL_CAPS: snoopbanner,None,427,33.1806640625
software.py,software.py,RENAME,Utilities,Context-Efficient Software Architect Agent,ALL_CAPS naming - should use lowercase,Converted from ALL_CAPS: software,Streamlit,398,14.9541015625
sound.py,sound.py,RENAME,Utilities,No description found,ALL_CAPS naming - should use lowercase,Converted from ALL_CAPS: sound,None,3,0.0478515625
speak.py,speak.py,RENAME,Utilities,No description found,ALL_CAPS naming - should use lowercase,Converted from ALL_CAPS: speak,None,53,1.677734375
speek.py,speek.py,RENAME,Utilities,No description found,ALL_CAPS naming - should use lowercase,Converted from ALL_CAPS: speek,OpenAI,14,0.3125
split.py,split.py,RENAME,Utilities,"split_html_file function. # Ensure the file exists if not os.path.isfile(file_path): logger.info(f""File '{file_path}' not found."") return # Create output directory output_dir = os.path.join(os.path.di",ALL_CAPS naming - should use lowercase,Converted from ALL_CAPS: split,None,53,1.611328125
splt.py,splt.py,RENAME,Utilities,No description found,ALL_CAPS naming - should use lowercase,Converted from ALL_CAPS: splt,Beautiful Soup,51,1.4501953125
stability.py,stability.py,RENAME,Utilities,No description found,ALL_CAPS naming - should use lowercase,Converted from ALL_CAPS: stability,PIL,104,5.4599609375
static.py,static.py,RENAME,Utilities,No description found,ALL_CAPS naming - should use lowercase,Converted from ALL_CAPS: static,None,8,0.154296875
storykeytrans.py,storykeytrans.py,RENAME,Utilities,No description found,ALL_CAPS naming - should use lowercase,Converted from ALL_CAPS: storykeytrans,OpenAI,154,6.77734375
subcomponents.py,subcomponents.py,RENAME,Utilities,A benchmark which tries to compare the possible slow subparts of validation.,ALL_CAPS naming - should use lowercase,Converted from ALL_CAPS: subcomponents,None,47,1.166015625
subject.py,subject.py,RENAME,Utilities,Subject-aware reframing using face/pose detection for intelligent cropping,ALL_CAPS naming - should use lowercase,Converted from ALL_CAPS: subject,NumPy,207,7.0849609375
subtitle.py,subtitle.py,RENAME,Utilities,No description found,ALL_CAPS naming - should use lowercase,Converted from ALL_CAPS: subtitle,None,8,0.2822265625
sysinfo.py,sysinfo.py,RENAME,Utilities,Utilities for getting information about IPython and the system it's running in.,ALL_CAPS naming - should use lowercase,Converted from ALL_CAPS: sysinfo,None,146,4.185546875
template.py,template.py,RENAME,Utilities,"<div class=""job-listing""> <div class=""job-header""> <div class=""job-title""> <a href=""{apply_url}"" target=""_blank"">{job_title}</a> </div> <div class=""job-posted""> Posted: <strong>{posted_time}</strong> ",ALL_CAPS naming - should use lowercase,Converted from ALL_CAPS: template,None,168,4.791015625
thumbnail.py,thumbnail.py,RENAME,Utilities,"Load all .env files from ~/.env.d directory env_d_path = Path.home() / "".env.d"" if env_d_path.exists(): for env_file in env_d_path.glob(""*.env""): with open(env_file) as f: for line in f: line = line.s",ALL_CAPS naming - should use lowercase,Converted from ALL_CAPS: thumbnail,"Streamlit, Pandas, Requests",85,2.6650390625
tocpdf.py,tocpdf.py,RENAME,Utilities,"create_toc_pdf function. c = canvas.Canvas(output_path, pagesize=letter) width, height = letter c.setFont(""Helvetica"", 12) y_position = height - 40 for item in toc_items: text = f""{item['title']} ... ",ALL_CAPS naming - should use lowercase,Converted from ALL_CAPS: tocpdf,None,28,0.662109375
tools.py,tools.py,RENAME,Utilities,"get_openai_category function. try: response = client.chat.completions.create( model=""gpt-3.5-turbo"",",ALL_CAPS naming - should use lowercase,Converted from ALL_CAPS: tools,OpenAI,79,2.2412109375
ts_python_bridge.py,ts-python-bridge.py,RENAME,Utilities,🌉 TypeScript-Python Content Awareness Bridge ============================================== Bridges your TypeScript deepContentAwareness.ts system with Python AI automation Features: - Bi-directional ,ALL_CAPS naming - should use lowercase,Converted from ALL_CAPS: ts_python_bridge,"OpenAI, NumPy",293,9.044921875
typography.py,typography.py,RENAME,Utilities,"Typography System - Professional text rendering with outlines, shadows, and effects.",ALL_CAPS naming - should use lowercase,Converted from ALL_CAPS: typography,PIL,371,10.869140625
ufunc.py,ufunc.py,RENAME,Utilities,No description found,ALL_CAPS naming - should use lowercase,Converted from ALL_CAPS: ufunc,"Streamlit, Pandas, NumPy",309,10.33203125
ultra.py,ultra.py,RENAME,Utilities,Ultra Advanced Content-Aware File Analysis System,ALL_CAPS naming - should use lowercase,Converted from ALL_CAPS: ultra,"HuggingFace, Streamlit, Pandas, NumPy, PyTorch, TensorFlow",1868,82.8798828125
unused.py,unused.py,RENAME,Utilities,An unused schema registry should not cause slower validation.,ALL_CAPS naming - should use lowercase,Converted from ALL_CAPS: unused,None,35,0.935546875
upload.py,upload.py,RENAME,Utilities,"Class deriving from the HTTPServer, defining new properties",ALL_CAPS naming - should use lowercase,Converted from ALL_CAPS: upload,"Pandas, Requests",255,8.3330078125
uploader.py,uploader.py,RENAME,Utilities,No description found,ALL_CAPS naming - should use lowercase,Converted from ALL_CAPS: uploader,"Pandas, Requests",269,8.5625
upscale.py,upscale.py,RENAME,Utilities,Move Improvements Back Script,ALL_CAPS naming - should use lowercase,Converted from ALL_CAPS: upscale,None,339,12.236328125
upscaler.py,upscaler.py,RENAME,Utilities,No description found,ALL_CAPS naming - should use lowercase,Converted from ALL_CAPS: upscaler,PIL,171,6.0869140625
upwork.py,upwork.py,RENAME,Utilities,No description found,ALL_CAPS naming - should use lowercase,Converted from ALL_CAPS: upwork,"Pandas, Playwright",245,8.3701171875
usecols.py,usecols.py,RENAME,Utilities,Tests the usecols functionality during parsing for all of the parsers defined in parsers.py,ALL_CAPS naming - should use lowercase,Converted from ALL_CAPS: usecols,"Streamlit, Pandas, NumPy",578,17.80078125
user.py,user.py,RENAME,Utilities,"load_excel function. try: df = pd.read_excel(file_path) logger.info(""Excel file loaded successfully."") return df except Exception as e: logger.info(f""Error loading Excel file: {e}"") return None",ALL_CAPS naming - should use lowercase,Converted from ALL_CAPS: user,Pandas,35,0.80078125
verbose.py,verbose.py,RENAME,Utilities,Tests that work on both the Python and C engines but do not have a,ALL_CAPS naming - should use lowercase,Converted from ALL_CAPS: verbose,"Streamlit, Pandas",86,2.3623046875
verify.py,verify.py,RENAME,Utilities,Setup Verification Script ======================== Verifies that all automation and API packages are properly installed and accessible in the global Python environment.,ALL_CAPS naming - should use lowercase,Converted from ALL_CAPS: verify,None,258,8.0615234375
visual.py,visual.py,RENAME,Utilities,"Visual Effects - Particles, motion blur, impacts, and other effects for GIFs.",ALL_CAPS naming - should use lowercase,Converted from ALL_CAPS: visual,"PIL, NumPy",554,15.0205078125
voice.py,voice.py,RENAME,Utilities,"Checks if the response is a ratelimit response. If it is, it sleeps for the time specified in the response.",ALL_CAPS naming - should use lowercase,Converted from ALL_CAPS: voice,None,110,3.0498046875
wiggle.py,wiggle.py,RENAME,Utilities,"Wiggle Animation - Smooth, organic wobbling and jiggling motions.",ALL_CAPS naming - should use lowercase,Converted from ALL_CAPS: wiggle,PIL,312,10.3310546875
thumbs.py,thumbs.py,RENAME,Video Processing,"export_thumbnail function. cmd = [ ""ffmpeg"", ""-y"", ""-i"", video_path, ""-vf"", ""thumbnail,scale=CONSTANT_1080:-2"", ""-frames:v"", ""1"", out_png, ] subprocess.check_call(cmd)",ALL_CAPS naming - should use lowercase,Converted from ALL_CAPS: thumbs,None,23,0.4140625
video_compressor.py,video-compressor.py,RENAME,Video Processing,Video Compressor - Compress large videos to save space,ALL_CAPS naming - should use lowercase,Converted from ALL_CAPS: video_compressor,None,226,7.8681640625
crawl.py,crawl.py,RENAME,Web Scraping,"get_check_value function. def check(value, checks, name): def get_check_value(key, default_result):",ALL_CAPS naming - should use lowercase,Converted from ALL_CAPS: crawl,None,170,5.5185546875
instagram-social-platforms-instagram-scraper.py,web-scraper.py,RENAME,Web Scraping,No description found,Missing documentation - unclear purpose,Generic web scraper,"Streamlit, Requests, Selenium",2916,117.109375
scraper.py,scraper.py,RENAME,Web Scraping,"download_vid function. download = Downloader(url, max_q=True) download.path = directory download.download() logger.info(os.listdir(directory))",ALL_CAPS naming - should use lowercase,Converted from ALL_CAPS: scraper,None,52,1.3330078125
aws-polly-tts.py,aws-polly-tts.py,KEEP,Audio Generation,No description found,Missing documentation - unclear purpose,Already clear - AWS Polly TTS,None,92,2.6123046875
extract-news-to-audio.py,aws-polly-tts.py,KEEP,Audio Generation,No description found,Missing documentation - unclear purpose,Already clear - AWS Polly TTS,None,54,2.1083984375
extract-to-audio.py,aws-polly-tts.py,KEEP,Audio Generation,No description found,Missing documentation - unclear purpose,Already clear - AWS Polly TTS,None,51,2.08203125
instagram-bot-library.py,instagram-bot-library.py,KEEP,Social Media,No description found,Missing documentation - unclear purpose,Library file - keep as-is,Streamlit,975,32.861328125
extract-topic-from-text.py,aws-polly-tts.py,KEEP,Utilities,No description found,Missing documentation - unclear purpose,Already clear - AWS Polly TTS,None,55,2.109375
streamlabs-polly.py,aws-polly-tts.py,KEEP,Utilities,No description found,Missing documentation - unclear purpose,Already clear - AWS Polly TTS,Requests,79,2.07421875
video-clip-editor.py,video-clip-editor.py,KEEP,Video Processing,No description found,Missing documentation - unclear purpose,Name is clear,None,22,0.3876953125
gemini-storybook-audio.py,gemini-storybook-audio.py,REVIEW,Audio Generation,Gemini Storybook Downloader (macOS-friendly),API name prefix but unclear what it does,API name prefix but unclear what it does,"Streamlit, Playwright",406,12.439453125
mp3-batch-timestamp.py,mp3-batch-timestamp.py,REVIEW,Audio Generation,No description found,Missing documentation - unclear purpose,Needs manual review - unclear purpose,OpenAI,207,8.6318359375
openai-text-to-speech.py,openai-text-to-speech.py,REVIEW,Audio Generation,"generate_speech_with_curl function. curl_command = [ ""curl"", ""https://api.openai.com/v1/audio/speech"", ""-H"", f""Authorization: Bearer {api_key}"", ""-H"", ""Content-Type: application/json"", ""-d"", f",API name prefix but unclear what it does,API name prefix but unclear what it does,OpenAI,51,1.45703125
reddit-tts-video-maker.py,reddit-tts-video-maker.py,REVIEW,Audio Generation,No description found,Missing documentation - unclear purpose,Needs manual review - unclear purpose,Streamlit,150,4.4912109375
texttospeech-v1.py,texttospeech-v1.py,REVIEW,Audio Generation,"__init__ function. self.audio_path = ""../audio/"" self.create_dir()  # Creates the directory to hold audio if not already specified def create_dir(self):",Has version number - consolidate versions,Has version number - consolidate versions,None,44,1.3408203125
thinketh-tts-universal.py,thinketh-tts-universal.py,REVIEW,Audio Generation,No description found,Missing documentation - unclear purpose,Needs manual review - unclear purpose,"OpenAI, pydub, Requests",117,3.67578125
intelligent-code-analyzer.py,intelligent-code-analyzer.py,REVIEW,Code Analysis,Deep Code Analysis - Advanced Content-Aware System,Name says 'analyzer' but description doesn't match,Name says 'analyzer' but description doesn't match,"Streamlit, TensorFlow",798,28.267578125
intelligent-renamer-1.py,intelligent-renamer-1.py,REVIEW,Code Analysis,🏷️ INTELLIGENT CONTENT-AWARE RENAMING TOOL =========================================== AI-Powered Deep Analysis and Smart File Renaming System Features: ✨ Deep content analysis with AST parsing ✨ AI-p,Has version number - consolidate versions,Has version number - consolidate versions,"OpenAI, Anthropic, Gemini, ElevenLabs, Streamlit",1017,40.3349609375
shorts-code.py,shorts-code.py,REVIEW,Code Analysis,No description found,Missing documentation - unclear purpose,Needs manual review - unclear purpose,OpenAI,136,5.255859375
csv-extract-webm-files.py,csv-extract-webm-files.py,REVIEW,Data Processing,No description found,Missing documentation - unclear purpose,Needs manual review - unclear purpose,Pandas,28,0.76953125
csv-file-lister.py,csv-file-lister.py,REVIEW,Data Processing,No description found,Missing documentation - unclear purpose,Needs manual review - unclear purpose,None,105,3.109375
development-process-proc.py,development-process-proc.py,REVIEW,Data Processing,No description found,Missing documentation - unclear purpose,Needs manual review - unclear purpose,PIL,167,5.4736328125
etsy-printify-download-csv.py,etsy-printify-download-csv.py,REVIEW,Data Processing,No description found,Name says 'download' but description doesn't match,Name says 'download' but description doesn't match,Requests,45,1.373046875
export-data-warehouse.py,export-data-warehouse.py,REVIEW,Data Processing,No description found,Missing documentation - unclear purpose,Needs manual review - unclear purpose,None,101,3.0322265625
firebase-api-processor.py,firebase-api-processor.py,REVIEW,Data Processing,No description found,Missing documentation - unclear purpose,Needs manual review - unclear purpose,Requests,486,18.9658203125
leonardo-convert-json-writer.py,leonardo-convert-json-writer.py,REVIEW,Data Processing,No description found,Missing documentation - unclear purpose,Needs manual review - unclear purpose,"PIL, Requests",223,6.8515625
leonardo-convert-loop2.py,leonardo-convert-loop2.py,REVIEW,Data Processing,No description found,Missing documentation - unclear purpose,Needs manual review - unclear purpose,"PIL, Requests",202,6.2255859375
leonardo-process.py,leonardo-process.py,REVIEW,Data Processing,No description found,Missing documentation - unclear purpose,Needs manual review - unclear purpose,None,59,1.65234375
mydesign-download.py,mydesign-download.py,REVIEW,Data Processing,"sanitize_title function. return title.replace("" "", ""_"").replace(""/"", ""_"").replace(""|"", """").replace("","", """") # Read the original CSV file csv_file = Path(Path(str(Path.home()) + ""/Documents/python/x-py",Name says 'download' but description doesn't match,Name says 'download' but description doesn't match,"Pandas, Requests",82,2.7705078125
openai-csv-metadata-filler.py,openai-csv-metadata-filler.py,REVIEW,Data Processing,No description found,API name prefix but unclear what it does,API name prefix but unclear what it does,OpenAI,125,3.837890625
openai-wikipedia-data-downloader.py,openai-wikipedia-data-downloader.py,REVIEW,Data Processing,No description found,Name says 'download' but description doesn't match,Name says 'download' but description doesn't match,"OpenAI, Pandas, NumPy",49,1.7216796875
process-imove-backups.py,process-imove-backups.py,REVIEW,Data Processing,No description found,Generic 'process-' prefix doesn't describe processing,Generic 'process-' prefix doesn't describe processing,None,34,1.1767578125
process-json.py,process-json.py,REVIEW,Data Processing,This script is intended for use as a GYP_GENERATOR. It takes as input (by way of,Generic 'process-' prefix doesn't describe processing,Generic 'process-' prefix doesn't describe processing,Streamlit,796,31.072265625
process-remix.py,process-remix.py,REVIEW,Data Processing,No description found,Generic 'process-' prefix doesn't describe processing,Generic 'process-' prefix doesn't describe processing,OpenAI,254,8.9638671875
refresolver-v1.py,refresolver-v1.py,REVIEW,Data Processing,JSON Schema URI resolution scopes and dereferencing,Has version number - consolidate versions,Has version number - consolidate versions,None,186,5.548828125
song-process.py,song-process.py,REVIEW,Data Processing,No description found,Missing documentation - unclear purpose,Needs manual review - unclear purpose,OpenAI,203,7.2685546875
util-json-handler.py,util-json-handler.py,REVIEW,Data Processing,No description found,Missing documentation - unclear purpose,Needs manual review - unclear purpose,Streamlit,71,2.2412109375
process-csv-docs.py,process-csv-docs.py,REVIEW,Documentation,No description found,Generic 'process-' prefix doesn't describe processing,Generic 'process-' prefix doesn't describe processing,None,209,6.5791015625
chat-export-analyzer.py,chat-export-analyzer.py,REVIEW,File Organization,Content-Aware Chat Analysis Organizer,Name says 'analyzer' but description doesn't match,Name says 'analyzer' but description doesn't match,None,773,29.0498046875
instagram-download.py,instagram-download.py,REVIEW,File Organization,Content-Aware Etsy Collection Organizer,Name says 'download' but description doesn't match,Name says 'download' but description doesn't match,None,506,17.2685546875
organize-printify-products.py,organize-printify-products.py,REVIEW,File Organization,No description found,Missing documentation - unclear purpose,Needs manual review - unclear purpose,"PIL, NumPy",238,7.3388671875
scraping-download-intelligent.py,scraping-download-intelligent.py,REVIEW,File Organization,Intelligent Content-Aware File Renamer,Name says 'download' but description doesn't match,Name says 'download' but description doesn't match,Streamlit,338,11.9462890625
smart-content-renamer-v2.py,smart-content-renamer-v2.py,REVIEW,File Organization,🏷️ SMART CONTENT-AWARE RENAMER V2,Has version number - consolidate versions,Has version number - consolidate versions,None,460,16.072265625
smart-content-renamer-v3.py,smart-content-renamer-v3.py,REVIEW,File Organization,?? SMART CONTENT-AWARE RENAMER V3,Has version number - consolidate versions,Has version number - consolidate versions,"HuggingFace, Streamlit",891,32.4794921875
targeted-v1.py,targeted-v1.py,REVIEW,File Organization,Targeted cleanup: Fix obvious issues,Has version number - consolidate versions,Has version number - consolidate versions,Streamlit,148,4.4521484375
test-v3.py,test-v3.py,REVIEW,File Organization,Quick test of V3 renamer functionality,Has version number - consolidate versions,Has version number - consolidate versions,None,39,1.1591796875
aws-sqs-image-queue.py,aws-sqs-image-queue.py,REVIEW,Image Analysis,No description found,Missing documentation - unclear purpose,Needs manual review - unclear purpose,"PIL, Streamlit",222,7.1640625
batch-image.py,batch-image.py,REVIEW,Image Analysis,No description found,Missing documentation - unclear purpose,Needs manual review - unclear purpose,"OpenAI, PIL, Streamlit",443,16.8974609375
dalle-image-downloader.py,dalle-image-downloader.py,REVIEW,Image Analysis,No description found,Name says 'download' but description doesn't match,Name says 'download' but description doesn't match,"PIL, Requests",55,1.50390625
etsy-image-metadata.py,etsy-image-metadata.py,REVIEW,Image Analysis,No description found,Missing documentation - unclear purpose,Needs manual review - unclear purpose,"OpenAI, Pandas",112,3.30859375
etsy-product-images.py,etsy-product-images.py,REVIEW,Image Analysis,No description found,Missing documentation - unclear purpose,Needs manual review - unclear purpose,"Pandas, Requests",71,2.4296875
giphy-download.py,giphy-download.py,REVIEW,Image Analysis,Automated Image Upscaler,Name says 'download' but description doesn't match,Name says 'download' but description doesn't match,Streamlit,305,9.6552734375
image-add-text-overlay.py,image-add-text-overlay.py,REVIEW,Image Analysis,No description found,Missing documentation - unclear purpose,Needs manual review - unclear purpose,PIL,65,1.736328125
image-batch-downloader.py,image-batch-downloader.py,REVIEW,Image Analysis,No description found,Name says 'download' but description doesn't match,Name says 'download' but description doesn't match,"PIL, Streamlit",193,6.4921875
image-generate-pics.py,image-generate-pics.py,REVIEW,Image Analysis,No description found,Missing documentation - unclear purpose,Needs manual review - unclear purpose,PIL,225,6.5869140625
image-generator-generic.py,image-generator-generic.py,REVIEW,Image Analysis,No description found,Missing documentation - unclear purpose,Needs manual review - unclear purpose,"Streamlit, Requests, Beautiful Soup, Selenium",145,4.12890625
image-optimize-9mb-threshold.py,image-optimize-9mb-threshold.py,REVIEW,Image Analysis,No description found,Missing documentation - unclear purpose,Needs manual review - unclear purpose,PIL,173,5.5244140625
image-resize-aspect-ratios.py,image-resize-aspect-ratios.py,REVIEW,Image Analysis,No description found,Missing documentation - unclear purpose,Needs manual review - unclear purpose,PIL,211,6.0068359375
image-resize.py,image-resize.py,REVIEW,Image Analysis,No description found,Missing documentation - unclear purpose,Needs manual review - unclear purpose,"PIL, Streamlit",203,6.578125
image-taggy.py,image-taggy.py,REVIEW,Image Analysis,No description found,Missing documentation - unclear purpose,Needs manual review - unclear purpose,"PIL, Requests",166,5.4912109375
instagram-download-photos.py,instagram-download-photos.py,REVIEW,Image Analysis,instabot example,Name says 'download' but description doesn't match,Name says 'download' but description doesn't match,None,27,0.6767578125
instagram-download-your-photos.py,instagram-download-your-photos.py,REVIEW,Image Analysis,instabot example,Name says 'download' but description doesn't match,Name says 'download' but description doesn't match,None,18,0.2685546875
instagram-image-uploader.py,instagram-image-uploader.py,REVIEW,Image Analysis,Based in @jeremycjang and @boldestfortune,Name says 'upload' but description doesn't match,Name says 'upload' but description doesn't match,None,237,6.5712890625
instagram-upload-story-photo.py,instagram-upload-story-photo.py,REVIEW,Image Analysis,No description found,Name says 'upload' but description doesn't match,Name says 'upload' but description doesn't match,None,19,0.58203125
leonardo-process-images.py,leonardo-process-images.py,REVIEW,Image Analysis,No description found,Missing documentation - unclear purpose,Needs manual review - unclear purpose,None,59,1.65234375
leonardo-upload-image.py,leonardo-upload-image.py,REVIEW,Image Analysis,No description found,Name says 'upload' but description doesn't match,Name says 'upload' but description doesn't match,"PIL, Requests",154,4.845703125
openai-batch-image-seo-pipeline.py,openai-batch-image-seo-pipeline.py,REVIEW,Image Analysis,No description found,API name prefix but unclear what it does,API name prefix but unclear what it does,"OpenAI, PIL, Streamlit",443,16.8974609375
openai-gpt4o-image-metadata.py,openai-gpt4o-image-metadata.py,REVIEW,Image Analysis,No description found,API name prefix but unclear what it does,API name prefix but unclear what it does,"OpenAI, PIL",241,7.6572265625
openai-image-enrichment.py,openai-image-enrichment.py,REVIEW,Image Analysis,"Load all .env files from ~/.env.d directory env_d_path = Path.home() / "".env.d"" if env_d_path.exists(): for env_file in env_d_path.glob(""*.env""): with open(env_file) as f: for line in f: line = line.s",API name prefix but unclear what it does,API name prefix but unclear what it does,"PIL, Requests",116,3.3037109375
openai-image-generater.py,openai-image-generater.py,REVIEW,Image Analysis,No description found,API name prefix but unclear what it does,API name prefix but unclear what it does,OpenAI,106,3.37109375
openai-media-processing-image.py,openai-media-processing-image.py,REVIEW,Image Analysis,"Load all .env files from ~/.env.d directory env_d_path = Path.home() / "".env.d"" if env_d_path.exists(): for env_file in env_d_path.glob(""*.env""): with open(env_file) as f: for line in f: line = line.s",API name prefix but unclear what it does,API name prefix but unclear what it does,"OpenAI, PIL, Pandas, Requests",116,3.2412109375
openai-vision-image-reader.py,openai-vision-image-reader.py,REVIEW,Image Analysis,No description found,API name prefix but unclear what it does,API name prefix but unclear what it does,"OpenAI, PIL",282,8.6240234375
organize-images-by-year.py,organize-images-by-year.py,REVIEW,Image Analysis,No description found,Missing documentation - unclear purpose,Needs manual review - unclear purpose,None,34,1.05859375
product-image.py,product-image.py,REVIEW,Image Analysis,No description found,Missing documentation - unclear purpose,Needs manual review - unclear purpose,Requests,46,1.2822265625
skip-image-fixer.py,skip-image-fixer.py,REVIEW,Image Analysis,No description found,Missing documentation - unclear purpose,Needs manual review - unclear purpose,PIL,172,6.087890625
telegraph-download-images.py,telegraph-download-images.py,REVIEW,Image Analysis,No description found,Name says 'download' but description doesn't match,Name says 'download' but description doesn't match,"Streamlit, Requests, Beautiful Soup",425,17.9931640625
testfonts-v1.py,testfonts-v1.py,REVIEW,Image Analysis,"create_text_slide function. # Create and save a text slide based on the Slide object that is passed assert type(slide) == Slide if slide.customBg: image = Image.open(f""./res/{slide.bgName}"") if image.",Has version number - consolidate versions,Has version number - consolidate versions,PIL,116,2.984375
tiktok-compile-videos-v1.py,tiktok-compile-videos-v1.py,REVIEW,Image Analysis,2. Compile video out of clips,Has version number - consolidate versions,Has version number - consolidate versions,None,76,1.9423828125
image-extract-prompt-metadata.py,image-extract-prompt-metadata.py,REVIEW,Image Generation,No description found,Missing documentation - unclear purpose,Needs manual review - unclear purpose,PIL,206,6.4052734375
ask-reddit.py,ask-reddit.py,REVIEW,Social Media,No description found,Missing documentation - unclear purpose,Needs manual review - unclear purpose,None,212,8.1953125
askreddit-loop-1.py,askreddit-loop-1.py,REVIEW,Social Media,"random_title_msg function. return ""Subscribe or I'll end humanity.""",Has version number - consolidate versions,Has version number - consolidate versions,None,152,5.2294921875
instagram-download-1.py,instagram-download-1.py,REVIEW,Social Media,No description found,Has version number - consolidate versions,Has version number - consolidate versions,Selenium,98,2.7080078125
instagram-instabot-bot-youtube-user-id.py,instagram-instabot-bot-youtube-user-id.py,REVIEW,Social Media,No description found,Missing documentation - unclear purpose,Needs manual review - unclear purpose,Streamlit,1042,32.5673828125
instagram-like-location-feed.py,instagram-like-location-feed.py,REVIEW,Social Media,No description found,Missing documentation - unclear purpose,Needs manual review - unclear purpose,None,19,0.5986328125
instagram-openai-download.py,instagram-openai-download.py,REVIEW,Social Media,"Load all .env files from ~/.env.d directory env_d_path = Path.home() / "".env.d"" if env_d_path.exists(): for env_file in env_d_path.glob(""*.env""): with open(env_file) as f: for line in f: line = line.s",Name says 'download' but description doesn't match,Name says 'download' but description doesn't match,"OpenAI, Requests",104,3.3125
instagram-stories-downloader.py,instagram-stories-downloader.py,REVIEW,Social Media,No description found,Name says 'download' but description doesn't match,Name says 'download' but description doesn't match,None,18,0.5400390625
instagram-upload.py,instagram-upload.py,REVIEW,Social Media,No description found,Name says 'upload' but description doesn't match,Name says 'upload' but description doesn't match,None,23,0.484375
leonardo-instagram-build.py,leonardo-instagram-build.py,REVIEW,Social Media,No description found,Missing documentation - unclear purpose,Needs manual review - unclear purpose,None,91,4.7880859375
reddit-download.py,reddit-download.py,REVIEW,Social Media,No description found,Name says 'download' but description doesn't match,Name says 'download' but description doesn't match,"Streamlit, Requests, Beautiful Soup, Selenium",148,4.14453125
subredditsentiment-apps.py,subredditsentiment-apps.py,REVIEW,Social Media,No description found,Missing documentation - unclear purpose,Needs manual review - unclear purpose,None,81,2.2421875
api-key-inventory-v2.py,api-key-inventory-v2.py,REVIEW,Utilities,🔑 API KEY INVENTORY V2,Has version number - consolidate versions,Has version number - consolidate versions,"ElevenLabs, AssemblyAI, Deepgram",285,11.3623046875
batch-info.py,batch-info.py,REVIEW,Utilities,No description found,Missing documentation - unclear purpose,Needs manual review - unclear purpose,OpenAI,175,5.310546875
check-1.py,check-1.py,REVIEW,Utilities,No description found,Has version number - consolidate versions,Has version number - consolidate versions,None,18,0.4296875
check-file.py,check-file.py,REVIEW,Utilities,No description found,Missing documentation - unclear purpose,Needs manual review - unclear purpose,None,84,2.7197265625
client-v1.py,client-v1.py,REVIEW,Utilities,No description found,Has version number - consolidate versions,Has version number - consolidate versions,Requests,264,7.9091796875
clip-editor.py,clip-editor.py,REVIEW,Utilities,No description found,Missing documentation - unclear purpose,Needs manual review - unclear purpose,"PIL, Streamlit",224,7.240234375
clips-1.py,clips-1.py,REVIEW,Utilities,No description found,Has version number - consolidate versions,Has version number - consolidate versions,"PIL, NumPy, pydub",179,4.7421875
content-aware-analyzer.py,content-aware-analyzer.py,REVIEW,Utilities,Detailed Comparison Report Generator,Name says 'analyzer' but description doesn't match,Name says 'analyzer' but description doesn't match,None,423,15.5712890625
custom-thumbnail.py,custom-thumbnail.py,REVIEW,Utilities,No description found,Missing documentation - unclear purpose,Needs manual review - unclear purpose,"PIL, NumPy",155,5.5419921875
dalle-prompt.py,dalle-prompt.py,REVIEW,Utilities,No description found,Missing documentation - unclear purpose,Needs manual review - unclear purpose,"OpenAI, PIL, Requests",120,3.41796875
development-apps-input.py,development-apps-input.py,REVIEW,Utilities,No description found,Missing documentation - unclear purpose,Needs manual review - unclear purpose,None,285,7.849609375
dualdomainstrategy-v1.py,dualdomainstrategy-v1.py,REVIEW,Utilities,Dual-Domain Strategy Implementation System,Has version number - consolidate versions,Has version number - consolidate versions,"Streamlit, Requests",878,36.8603515625
ffmpeg-help.py,ffmpeg-help.py,REVIEW,Utilities,No description found,Missing documentation - unclear purpose,Needs manual review - unclear purpose,None,150,4.8798828125
ffmpeg-robot.py,ffmpeg-robot.py,REVIEW,Utilities,No description found,Missing documentation - unclear purpose,Needs manual review - unclear purpose,None,262,9.3740234375
file-uploader.py,file-uploader.py,REVIEW,Utilities,No description found,Name says 'upload' but description doesn't match,Name says 'upload' but description doesn't match,None,158,3.556640625
fill-utility.py,fill-utility.py,REVIEW,Utilities,No description found,Missing documentation - unclear purpose,Needs manual review - unclear purpose,None,117,4.865234375
find-duplicates-fdupes.py,find-duplicates-fdupes.py,REVIEW,Utilities,No description found,Missing documentation - unclear purpose,Needs manual review - unclear purpose,None,19,0.53515625
finetune-unsloth.py,finetune-unsloth.py,REVIEW,Utilities,No description found,Missing documentation - unclear purpose,Needs manual review - unclear purpose,"HuggingFace, Streamlit, PyTorch",400,13.0791015625
generatetexts-1.py,generatetexts-1.py,REVIEW,Utilities,"Load all .env files from ~/.env.d directory env_d_path = Path.home() / "".env.d"" if env_d_path.exists(): for env_file in env_d_path.glob(""*.env""): with open(env_file) as f: for line in f: line = line.s",Has version number - consolidate versions,Has version number - consolidate versions,OpenAI,47,1.3369140625
get-file.py,get-file.py,REVIEW,Utilities,No description found,Missing documentation - unclear purpose,Needs manual review - unclear purpose,"PIL, Streamlit",146,4.6875
get-hashtags-from.py,get-hashtags-from.py,REVIEW,Utilities,No description found,Missing documentation - unclear purpose,Needs manual review - unclear purpose,None,82,1.8701171875
giphy-downloader.py,giphy-downloader.py,REVIEW,Utilities,"Load configuration file with open(config_file, ""r"", encoding=""utf-8"") as f: return yaml.safe_load(f) def get_media_files(config):",Name says 'download' but description doesn't match,Name says 'download' but description doesn't match,Whisper,202,7.29296875
goapi-midjourney-imagine.py,goapi-midjourney-imagine.py,REVIEW,Utilities,No description found,Missing documentation - unclear purpose,Needs manual review - unclear purpose,Requests,40,1.2587890625
gui-apps-downloader.py,gui-apps-downloader.py,REVIEW,Utilities,No description found,Name says 'download' but description doesn't match,Name says 'download' but description doesn't match,None,99,2.3525390625
instabot-api-prepare.py,instabot-api-prepare.py,REVIEW,Utilities,No description found,Missing documentation - unclear purpose,Needs manual review - unclear purpose,None,105,3.56640625
instabot-devices.py,instabot-devices.py,REVIEW,Utilities,No description found,Missing documentation - unclear purpose,Needs manual review - unclear purpose,None,122,3.4462890625
instareport-libs-attack.py,instareport-libs-attack.py,REVIEW,Utilities,No description found,Missing documentation - unclear purpose,Needs manual review - unclear purpose,None,414,15.6328125
leonardo-avatar-download.py,leonardo-avatar-download.py,REVIEW,Utilities,No description found,Name says 'download' but description doesn't match,Name says 'download' but description doesn't match,None,124,2.9052734375
leonardo-content-creation-leonardo.py,leonardo-content-creation-leonardo.py,REVIEW,Utilities,No description found,Missing documentation - unclear purpose,Needs manual review - unclear purpose,Requests,93,2.6171875
leonardo-cyberpunk-hacker-generator.py,leonardo-cyberpunk-hacker-generator.py,REVIEW,Utilities,No description found,Missing documentation - unclear purpose,Needs manual review - unclear purpose,Requests,115,3.5078125
leonardo-download-1.py,leonardo-download-1.py,REVIEW,Utilities,"Load all .env files from ~/.env.d directory env_d_path = Path.home() / "".env.d"" if env_d_path.exists(): for env_file in env_d_path.glob(""*.env""): with open(env_file) as f: for line in f:",Has version number - consolidate versions,Has version number - consolidate versions,"PIL, Requests",222,7.0166015625
leonardo-download-batch.py,leonardo-download-batch.py,REVIEW,Utilities,No description found,Name says 'download' but description doesn't match,Name says 'download' but description doesn't match,Requests,151,5.0712890625
leonardo-download.py,leonardo-download.py,REVIEW,Utilities,No description found,Name says 'download' but description doesn't match,Name says 'download' but description doesn't match,Requests,93,2.6171875
leonardo-generation.py,leonardo-generation.py,REVIEW,Utilities,No description found,Missing documentation - unclear purpose,Needs manual review - unclear purpose,Requests,151,5.0634765625
leonardo-leodown.py,leonardo-leodown.py,REVIEW,Utilities,No description found,Missing documentation - unclear purpose,Needs manual review - unclear purpose,Requests,59,1.466796875
leonardo-leoup.py,leonardo-leoup.py,REVIEW,Utilities,No description found,Missing documentation - unclear purpose,Needs manual review - unclear purpose,Requests,80,1.900390625
leonardo-loop-upscale.py,leonardo-loop-upscale.py,REVIEW,Utilities,No description found,Missing documentation - unclear purpose,Needs manual review - unclear purpose,Requests,88,2.67578125
leonardo-myinfo.py,leonardo-myinfo.py,REVIEW,Utilities,No description found,Missing documentation - unclear purpose,Needs manual review - unclear purpose,Requests,25,0.599609375
leonardo-ssh-avatararts-downloader.py,leonardo-ssh-avatararts-downloader.py,REVIEW,Utilities,No description found,Name says 'download' but description doesn't match,Name says 'download' but description doesn't match,None,121,2.83984375
leonardo-universe4.py,leonardo-universe4.py,REVIEW,Utilities,No description found,Missing documentation - unclear purpose,Needs manual review - unclear purpose,Requests,110,3.546875
leonardo-upscaled.py,leonardo-upscaled.py,REVIEW,Utilities,No description found,Missing documentation - unclear purpose,Needs manual review - unclear purpose,"PIL, Requests",212,6.494140625
lyrics-storyboards.py,lyrics-storyboards.py,REVIEW,Utilities,No description found,Missing documentation - unclear purpose,Needs manual review - unclear purpose,OpenAI,80,2.3720703125
media-player.py,media-player.py,REVIEW,Utilities,No description found,Missing documentation - unclear purpose,Needs manual review - unclear purpose,None,1,0.04296875
midjourney-tool.py,midjourney-tool.py,REVIEW,Utilities,No description found,Missing documentation - unclear purpose,Needs manual review - unclear purpose,None,30,0.6904296875
model-evaluation-evaluate.py,model-evaluation-evaluate.py,REVIEW,Utilities,No description found,Missing documentation - unclear purpose,Needs manual review - unclear purpose,"OpenAI, Streamlit",230,8.8642578125
model-finetuning-sagemaker.py,model-finetuning-sagemaker.py,REVIEW,Utilities,No description found,Missing documentation - unclear purpose,Needs manual review - unclear purpose,"HuggingFace, Streamlit",73,2.49609375
openai-content-creation-nocturne.py,openai-content-creation-nocturne.py,REVIEW,Utilities,Merged Content Analysis Tool,API name prefix but unclear what it does,API name prefix but unclear what it does,"OpenAI, Groq",62,1.5068359375
openai-download.py,openai-download.py,REVIEW,Utilities,Python Script Map Generator,API name prefix but unclear what it does,API name prefix but unclear what it does,Streamlit,258,11.1748046875
openai-generate.py,openai-generate.py,REVIEW,Utilities,"build_editor_agent function. tool_retry_instructions = load_prompt(""tool_retry_prompt.md"") editor_prompt = load_prompt(""editor_base.md"") return Agent( name=""Memo Editor Agent"", instructions=(editor_pr",API name prefix but unclear what it does,API name prefix but unclear what it does,None,48,1.490234375
openai-missingapikeyerror.py,openai-missingapikeyerror.py,REVIEW,Utilities,Environment loading helpers for analyze scripts.,API name prefix but unclear what it does,API name prefix but unclear what it does,OpenAI,84,2.31640625
openai-script.py,openai-script.py,REVIEW,Utilities,Simple OpenAI CLI for terminal usage,API name prefix but unclear what it does,API name prefix but unclear what it does,OpenAI,100,2.953125
parse-api.py,parse-api.py,REVIEW,Utilities,No description found,Missing documentation - unclear purpose,Needs manual review - unclear purpose,OpenAI,228,9.5703125
parse-simple.py,parse-simple.py,REVIEW,Utilities,No description found,Missing documentation - unclear purpose,Needs manual review - unclear purpose,Streamlit,100,2.9228515625
pdf2img.py,pdf2img.py,REVIEW,Utilities,No description found,Missing documentation - unclear purpose,Needs manual review - unclear purpose,None,27,0.6298828125
pip-build-environment.py,pip-build-environment.py,REVIEW,Utilities,No description found,Missing documentation - unclear purpose,Needs manual review - unclear purpose,None,301,9.029296875
pip-installer-bootstrap.py,pip-installer-bootstrap.py,REVIEW,Utilities,No description found,Missing documentation - unclear purpose,Needs manual review - unclear purpose,None,33355,2583.3369140625
printify-blueprint-downloader.py,printify-blueprint-downloader.py,REVIEW,Utilities,No description found,Name says 'download' but description doesn't match,Name says 'download' but description doesn't match,Requests,97,2.6572265625
python-namer.py,python-namer.py,REVIEW,Utilities,No description found,Missing documentation - unclear purpose,Needs manual review - unclear purpose,OpenAI,172,5.154296875
re-size.py,re-size.py,REVIEW,Utilities,No description found,Missing documentation - unclear purpose,Needs manual review - unclear purpose,"PIL, Streamlit",156,5.4775390625
screenshot-generate.py,screenshot-generate.py,REVIEW,Utilities,No description found,Missing documentation - unclear purpose,Needs manual review - unclear purpose,None,115,4.0244140625
script-simple.py,script-simple.py,REVIEW,Utilities,No description found,Missing documentation - unclear purpose,Needs manual review - unclear purpose,None,98,2.9814453125
setup-browser.py,setup-browser.py,REVIEW,Utilities,No description found,Missing documentation - unclear purpose,Needs manual review - unclear purpose,None,46,1.45703125
skip-8below.py,skip-8below.py,REVIEW,Utilities,No description found,Missing documentation - unclear purpose,Needs manual review - unclear purpose,"PIL, Streamlit",168,5.03125
society6-upload.py,society6-upload.py,REVIEW,Utilities,No description found,Name says 'upload' but description doesn't match,Name says 'upload' but description doesn't match,Selenium,40,1.2939453125
sticker-download.py,sticker-download.py,REVIEW,Utilities,No description found,Name says 'download' but description doesn't match,Name says 'download' but description doesn't match,None,111,3.7509765625
story-trans.py,story-trans.py,REVIEW,Utilities,No description found,Missing documentation - unclear purpose,Needs manual review - unclear purpose,OpenAI,159,6.7666015625
testjoin-v1.py,testjoin-v1.py,REVIEW,Utilities,"test_append_join_nondatetimeindex function. rng = timedelta_range(""1 days"", periods=10) idx = Index([""a"", ""b"", ""c"", ""d""]) result = rng.append(idx) assert isinstance(result[0], Timedelta) # it works rn",Has version number - consolidate versions,Has version number - consolidate versions,"Pandas, NumPy",54,1.5673828125
textgenerator-1.py,textgenerator-1.py,REVIEW,Utilities,No description found,Has version number - consolidate versions,Has version number - consolidate versions,OpenAI,55,1.357421875
twitch-download.py,twitch-download.py,REVIEW,Utilities,"request function. return requests.get( ""https://api.twitch.tv/"" + endpoint, headers=headers, params=params )",Name says 'download' but description doesn't match,Name says 'download' but description doesn't match,Requests,51,1.2919921875
upload-products.py,upload-products.py,REVIEW,Utilities,No description found,Name says 'upload' but description doesn't match,Name says 'upload' but description doesn't match,"Pandas, Requests",95,3.689453125
upload-simple.py,upload-simple.py,REVIEW,Utilities,No description found,Name says 'upload' but description doesn't match,Name says 'upload' but description doesn't match,Streamlit,104,2.99609375
upscale-and-upload.py,upscale-and-upload.py,REVIEW,Utilities,No description found,Name says 'upload' but description doesn't match,Name says 'upload' but description doesn't match,"Pandas, Requests",96,3.0361328125
upscale-sips.py,upscale-sips.py,REVIEW,Utilities,No description found,Missing documentation - unclear purpose,Needs manual review - unclear purpose,PIL,229,7.119140625
utils-1.py,utils-1.py,REVIEW,Utilities,No description found,Has version number - consolidate versions,Has version number - consolidate versions,None,182,5.625
verify-connection.py,verify-connection.py,REVIEW,Utilities,No description found,Missing documentation - unclear purpose,Needs manual review - unclear purpose,None,68,1.9521484375
walk-directories-recursive.py,walk-directories-recursive.py,REVIEW,Utilities,No description found,Missing documentation - unclear purpose,Needs manual review - unclear purpose,None,219,7.099609375
instagram-extract-video-reader.py,instagram-extract-video-reader.py,REVIEW,Video Processing,No description found,Missing documentation - unclear purpose,Needs manual review - unclear purpose,Streamlit,95,2.7880859375
pexels-video-downloader.py,pexels-video-downloader.py,REVIEW,Video Processing,No description found,Name says 'download' but description doesn't match,Name says 'download' but description doesn't match,"Streamlit, Requests",444,15.9228515625
scraping-download-news-api-fetcher.py,scraping-download-news-api-fetcher.py,REVIEW,Web Scraping,No description found,Name says 'download' but description doesn't match,Name says 'download' but description doesn't match,PIL,198,5.953125
scraping-download-scrape.py,scraping-download-scrape.py,REVIEW,Web Scraping,No description found,Name says 'download' but description doesn't match,Name says 'download' but description doesn't match,"Requests, Beautiful Soup",16,0.4296875
